"Gene","Tissues","Difference","P_Value"
"RNU5E-1","embryo vs blood",1,0.0943497728424376
"RNU5E-1","embryo vs epithelium",1,0.0943497728424376
"RNU5E-1","embryo vs brain",0.1,0.924943090850964
"RNU5E-1","blood vs epithelium",0,NA
"RNU5E-1","blood vs brain",-0.9,0.343436396137914
"RNU5E-1","epithelium vs brain",-0.9,0.343436396137914
"RNU5D-1","embryo vs blood",41,0.023005718115334
"RNU5D-1","embryo vs epithelium",40.375,0.0245013378422127
"RNU5D-1","embryo vs brain",38,0.031247896850353
"RNU5D-1","blood vs epithelium",-0.625,0.350616662820208
"RNU5D-1","blood vs brain",-3,0.0876228290414024
"RNU5D-1","epithelium vs brain",-2.375,0.179369935796244
"SNORD118","embryo vs blood",0,NA
"SNORD118","embryo vs epithelium",0,NA
"SNORD118","embryo vs brain",0,NA
"SNORD118","blood vs epithelium",0,NA
"SNORD118","blood vs brain",0,NA
"SNORD118","epithelium vs brain",0,NA
"SNAR-B2","embryo vs blood",2.55,0.399994677379862
"SNAR-B2","embryo vs epithelium",16.5,0.0351295461910743
"SNAR-B2","embryo vs brain",28.6875,0.0101276611349586
"SNAR-B2","blood vs epithelium",13.95,0.0618918989492588
"SNAR-B2","blood vs brain",26.1375,0.0161205245344331
"SNAR-B2","epithelium vs brain",12.1875,0.309901163968096
"TRG-CCC5-1","embryo vs blood",39,0.00613476840972014
"TRG-CCC5-1","embryo vs epithelium",52.375,0.00122968139863327
"TRG-CCC5-1","embryo vs brain",29.875,0.0225951271434181
"TRG-CCC5-1","blood vs epithelium",13.375,0.00149479551962941
"TRG-CCC5-1","blood vs brain",-9.125,0.0539613565390561
"TRG-CCC5-1","epithelium vs brain",-22.5,0.000110279394350678
"SNAR-C4","embryo vs blood",-10.5,0.320288618297172
"SNAR-C4","embryo vs epithelium",12.5,0.29446712854854
"SNAR-C4","embryo vs brain",35.4,0.014086509355348
"SNAR-C4","blood vs epithelium",23,0.000877459268451206
"SNAR-C4","blood vs brain",45.9,4.95813410701048e-05
"SNAR-C4","epithelium vs brain",22.9,0.0373212426823964
"RNU5F-1","embryo vs blood",59.4,0.00163695480238885
"RNU5F-1","embryo vs epithelium",32.2333333333333,0.0108745822221598
"RNU5F-1","embryo vs brain",24.4,0.0363986174413052
"RNU5F-1","blood vs epithelium",-27.1666666666667,0.000594563086492235
"RNU5F-1","blood vs brain",-35,0.00140420453747246
"RNU5F-1","epithelium vs brain",-7.83333333333333,0.262458066603677
"TRK-TTT3-2","embryo vs blood",-1.5,0.17729848698997
"TRK-TTT3-2","embryo vs epithelium",0,NA
"TRK-TTT3-2","embryo vs brain",-1,0.350616662820207
"TRK-TTT3-2","blood vs epithelium",1.5,0.17729848698997
"TRK-TTT3-2","blood vs brain",0.5,0.728941095165302
"TRK-TTT3-2","epithelium vs brain",-1,0.350616662820207
"TRE-TTC3-1","embryo vs blood",-92.0625,1.81599245992741e-16
"TRE-TTC3-1","embryo vs epithelium",-71.5625,1.27373835808242e-11
"TRE-TTC3-1","embryo vs brain",-89.375,8.08447578040439e-13
"TRE-TTC3-1","blood vs epithelium",20.5,0.000157165309650584
"TRE-TTC3-1","blood vs brain",2.6875,0.573496403895065
"TRE-TTC3-1","epithelium vs brain",-17.8125,0.00373845326175528
"TRG1","embryo vs blood",-52.1,3.30424645165329e-06
"TRG1","embryo vs epithelium",2.6,0.256204641862943
"TRG1","embryo vs brain",2.3,0.301117329482305
"TRG1","blood vs epithelium",54.7,3.50847872411444e-06
"TRG1","blood vs brain",54.4,3.95725891296166e-06
"TRG1","epithelium vs brain",-0.3,0.823529783858136
"TRA-CGC5-1-001","embryo vs blood",-9.5,0.320140186424459
"TRA-CGC5-1-001","embryo vs epithelium",-6.5,0.471073198477956
"TRA-CGC5-1-001","embryo vs brain",74,0.000685389454479374
"TRA-CGC5-1-001","blood vs epithelium",3,0.320993968987093
"TRA-CGC5-1-001","blood vs brain",83.5,1.81992759855871e-05
"TRA-CGC5-1-001","epithelium vs brain",80.5,6.69743920479939e-06
"tRNA-Gly-CCC-4-1","embryo vs blood",-24.1666666666667,0.0246359886784779
"tRNA-Gly-CCC-4-1","embryo vs epithelium",-48.6666666666667,3.05471433021947e-07
"tRNA-Gly-CCC-4-1","embryo vs brain",-31.4666666666667,0.000376161027333286
"tRNA-Gly-CCC-4-1","blood vs epithelium",-24.5,0.0271776185114287
"tRNA-Gly-CCC-4-1","blood vs brain",-7.3,0.50352477457905
"tRNA-Gly-CCC-4-1","epithelium vs brain",17.2,0.0252943199787107
"tRNA-Glu-CTC-1-2","embryo vs blood",2.2,0.334281943394657
"tRNA-Glu-CTC-1-2","embryo vs epithelium",2.2,0.334281943394657
"tRNA-Glu-CTC-1-2","embryo vs brain",0.1375,0.963947782406843
"tRNA-Glu-CTC-1-2","blood vs epithelium",0,NA
"tRNA-Glu-CTC-1-2","blood vs brain",-2.0625,0.333170135915476
"tRNA-Glu-CTC-1-2","epithelium vs brain",-2.0625,0.333170135915476
"tRNA-Ile-AAT-12-1","embryo vs blood",-48.6666666666667,2.40584674760781e-12
"tRNA-Ile-AAT-12-1","embryo vs epithelium",-46.7777777777778,1.40373924496531e-12
"tRNA-Ile-AAT-12-1","embryo vs brain",32.7222222222222,2.29050227259841e-06
"tRNA-Ile-AAT-12-1","blood vs epithelium",1.8888888888889,0.483846712074255
"tRNA-Ile-AAT-12-1","blood vs brain",81.3888888888889,1.83890400876818e-13
"tRNA-Ile-AAT-12-1","epithelium vs brain",79.5,2.58683029969754e-14
"tRNA-Gly-GCC-2-4","embryo vs blood",1.25,0.427637697484161
"tRNA-Gly-GCC-2-4","embryo vs epithelium",0.25,0.884224486603388
"tRNA-Gly-GCC-2-4","embryo vs brain",1.5,0.338800696196202
"tRNA-Gly-GCC-2-4","blood vs epithelium",-1,0.243284808857956
"tRNA-Gly-GCC-2-4","blood vs brain",0.25,0.338800696196202
"tRNA-Gly-GCC-2-4","epithelium vs brain",1.25,0.137204763787325
"tRNA-Pro-AGG-2-4","embryo vs blood",1.33333333333333,0.37945234248949
"tRNA-Pro-AGG-2-4","embryo vs epithelium",0.5,0.750811063380523
"tRNA-Pro-AGG-2-4","embryo vs brain",1.83333333333333,0.211155744177536
"tRNA-Pro-AGG-2-4","blood vs epithelium",-0.833333333333333,0.344270763865485
"tRNA-Pro-AGG-2-4","blood vs brain",0.5,0.338800696196202
"tRNA-Pro-AGG-2-4","epithelium vs brain",1.33333333333333,0.0832486787164376
"TRG-CCC6-1","embryo vs blood",3,0.27486998289175
"TRG-CCC6-1","embryo vs epithelium",4.6,0.0878576423768482
"TRG-CCC6-1","embryo vs brain",5,0.0655089528919206
"TRG-CCC6-1","blood vs epithelium",1.6,0.200026070323277
"TRG-CCC6-1","blood vs brain",2,0.103888131062102
"TRG-CCC6-1","epithelium vs brain",0.4,0.343436396137914
"TRA-TGC4-1","embryo vs blood",-4.25,0.221437816579925
"TRA-TGC4-1","embryo vs epithelium",-2.5,0.350616662820208
"TRA-TGC4-1","embryo vs brain",0,NA
"TRA-TGC4-1","blood vs epithelium",1.75,0.671420590578915
"TRA-TGC4-1","blood vs brain",4.25,0.221437816579925
"TRA-TGC4-1","epithelium vs brain",2.5,0.350616662820208
"TRP-AGG1-1","embryo vs blood",-52.75,9.80807109954664e-05
"TRP-AGG1-1","embryo vs epithelium",-49.9166666666667,1.37352890840375e-06
"TRP-AGG1-1","embryo vs brain",1.91666666666667,0.180316482103318
"TRP-AGG1-1","blood vs epithelium",2.83333333333333,0.791599414900656
"TRP-AGG1-1","blood vs brain",54.6666666666667,7.79880832915479e-05
"TRP-AGG1-1","epithelium vs brain",51.8333333333333,1.55834410682888e-06
"TRK-CTT3-1","embryo vs blood",-52,0.000607969111608682
"TRK-CTT3-1","embryo vs epithelium",0.333333333333333,0.338800696196202
"TRK-CTT3-1","embryo vs brain",-1.33333333333333,0.113380137522481
"TRK-CTT3-1","blood vs epithelium",52.3333333333333,0.000579805612749769
"TRK-CTT3-1","blood vs brain",50.6666666666667,0.000737023069117092
"TRK-CTT3-1","epithelium vs brain",-1.66666666666667,0.0412404352646248
"tRNA-Glu-TTC-4-1","embryo vs blood",-74.9583333333333,1.99388084127256e-13
"tRNA-Glu-TTC-4-1","embryo vs epithelium",-71.8333333333333,1.15500480131506e-11
"tRNA-Glu-TTC-4-1","embryo vs brain",-84.9583333333333,4.31374587946593e-13
"tRNA-Glu-TTC-4-1","blood vs epithelium",3.125,0.615392858906673
"tRNA-Glu-TTC-4-1","blood vs brain",-10,0.11181745344132
"tRNA-Glu-TTC-4-1","epithelium vs brain",-13.125,0.0534829354820547
"tRNA-Thr-CGT-5-1","embryo vs blood",-72.75,6.92740889036875e-06
"tRNA-Thr-CGT-5-1","embryo vs epithelium",-80.25,3.6387740244018e-07
"tRNA-Thr-CGT-5-1","embryo vs brain",-26.375,0.00921532312172486
"tRNA-Thr-CGT-5-1","blood vs epithelium",-7.5,0.435592883220452
"tRNA-Thr-CGT-5-1","blood vs brain",46.375,0.000344256494722898
"tRNA-Thr-CGT-5-1","epithelium vs brain",53.875,3.59622187988935e-06
"TRG-TCC1-1","embryo vs blood",0,NA
"TRG-TCC1-1","embryo vs epithelium",0,NA
"TRG-TCC1-1","embryo vs brain",0,NA
"TRG-TCC1-1","blood vs epithelium",0,NA
"TRG-TCC1-1","blood vs brain",0,NA
"TRG-TCC1-1","epithelium vs brain",0,NA
"SNORD13","embryo vs blood",-0.3,0.736068385616574
"SNORD13","embryo vs epithelium",0.5,0.177267702505608
"SNORD13","embryo vs brain",-1.9,0.272961218761467
"SNORD13","blood vs epithelium",0.8,0.343436396137914
"SNORD13","blood vs brain",-1.6,0.38706973503377
"SNORD13","epithelium vs brain",-2.4,0.167850656057075
"tRNA-Val-CAC-3-1","embryo vs blood",-2.33333333333333,0.024607062279767
"tRNA-Val-CAC-3-1","embryo vs epithelium",-2.44444444444444,0.0225264522354339
"tRNA-Val-CAC-3-1","embryo vs brain",0,NA
"tRNA-Val-CAC-3-1","blood vs epithelium",-0.111111111111111,0.935277747807685
"tRNA-Val-CAC-3-1","blood vs brain",2.33333333333333,0.024607062279767
"tRNA-Val-CAC-3-1","epithelium vs brain",2.44444444444444,0.0225264522354339
"tRNA-Thr-TGT-4-1","embryo vs blood",-80.8571428571429,4.92179642319489e-06
"tRNA-Thr-TGT-4-1","embryo vs epithelium",-44.1428571428571,8.14894666934774e-05
"tRNA-Thr-TGT-4-1","embryo vs brain",-3.57142857142857,0.355917683749582
"tRNA-Thr-TGT-4-1","blood vs epithelium",36.7142857142857,0.000233287283564906
"tRNA-Thr-TGT-4-1","blood vs brain",77.2857142857143,1.61228519074546e-07
"tRNA-Thr-TGT-4-1","epithelium vs brain",40.5714285714286,2.39689258472002e-05
"TRV-TAC1-1","embryo vs blood",0,NA
"TRV-TAC1-1","embryo vs epithelium",-1.16666666666667,0.363217467649122
"TRV-TAC1-1","embryo vs brain",0,NA
"TRV-TAC1-1","blood vs epithelium",-1.16666666666667,0.363217467649122
"TRV-TAC1-1","blood vs brain",0,NA
"TRV-TAC1-1","epithelium vs brain",1.16666666666667,0.363217467649122
"SNAR-A1","embryo vs blood",-20.7222222222222,0.597966524842791
"SNAR-A1","embryo vs brain",66.6666666666667,0.183503419072274
"SNAR-A1","blood vs brain",87.3888888888889,1.12056001518454e-16
"LINC00459","embryo vs blood",3.5,0.0903344706017331
"LINC00459","embryo vs epithelium",50.5,0.307648376568371
"LINC00459","embryo vs brain",65,0.0585988439705751
"LINC00459","blood vs epithelium",47,0.326755515250599
"LINC00459","blood vs brain",61.5,0.0603132028078182
"LINC00459","epithelium vs brain",14.5,0.681140371160253
"tRNA-Pro-TGG-1-1","embryo vs blood",-23.5833333333333,0.00565243114313752
"tRNA-Pro-TGG-1-1","embryo vs epithelium",-31.25,0.00012607208167496
"tRNA-Pro-TGG-1-1","embryo vs brain",0,NA
"tRNA-Pro-TGG-1-1","blood vs epithelium",-7.66666666666667,0.391523680433273
"tRNA-Pro-TGG-1-1","blood vs brain",23.5833333333333,0.00565243114313752
"tRNA-Pro-TGG-1-1","epithelium vs brain",31.25,0.00012607208167496
"FAM30A","embryo vs blood",80.6129032258064,8.23173416983065e-17
"FAM30A","embryo vs epithelium",68.0967741935484,8.94176178801545e-16
"FAM30A","embryo vs brain",22.2795698924731,0.0190865135179099
"FAM30A","blood vs epithelium",-12.5161290322581,0.00332413639661856
"FAM30A","blood vs brain",-58.3333333333333,1.20662631326741e-07
"FAM30A","epithelium vs brain",-45.8172043010753,7.26220402131013e-06
"tRNA-Gln-CTG-2-1","embryo vs blood",-59.1666666666667,1.3544733025893e-05
"tRNA-Gln-CTG-2-1","embryo vs epithelium",-2,0.363217467649123
"tRNA-Gln-CTG-2-1","embryo vs brain",0,NA
"tRNA-Gln-CTG-2-1","blood vs epithelium",57.1666666666667,6.65253951794861e-07
"tRNA-Gln-CTG-2-1","blood vs brain",59.1666666666667,1.3544733025893e-05
"tRNA-Gln-CTG-2-1","epithelium vs brain",2,0.363217467649123
"tRNA-Arg-CCT-3-1","embryo vs blood",-7,0.143155115835328
"tRNA-Arg-CCT-3-1","embryo vs epithelium",-2,0.363217467649123
"tRNA-Arg-CCT-3-1","embryo vs brain",0,NA
"tRNA-Arg-CCT-3-1","blood vs epithelium",5,0.301869035443483
"tRNA-Arg-CCT-3-1","blood vs brain",7,0.143155115835328
"tRNA-Arg-CCT-3-1","epithelium vs brain",2,0.363217467649123
"TRV","embryo vs blood",0.235294117647059,0.16348548685934
"TRV","embryo vs epithelium",-0.375816993464052,0.558963186692173
"TRV","embryo vs brain",-2.20915032679739,0.116729928524575
"TRV","blood vs epithelium",-0.611111111111111,0.331332762038679
"TRV","blood vs brain",-2.44444444444444,0.0833945311583894
"TRV","epithelium vs brain",-1.83333333333333,0.222209365982121
"TRF-GAA1-4","embryo vs blood",0.5,0.343436396137914
"TRF-GAA1-4","embryo vs epithelium",-1.6,0.309589737585605
"TRF-GAA1-4","embryo vs brain",-2,0.451464256858874
"TRF-GAA1-4","blood vs epithelium",-2.1,0.172685089629539
"TRF-GAA1-4","blood vs brain",-2.5,0.343436396137914
"TRF-GAA1-4","epithelium vs brain",-0.4,0.891258028549097
"tRNA-iMet-CAT-2-1","embryo vs blood",-83.625,8.01477464285886e-07
"tRNA-iMet-CAT-2-1","embryo vs epithelium",-78.375,1.01110709506268e-07
"tRNA-iMet-CAT-2-1","embryo vs brain",-61.5,2.33883140507318e-05
"tRNA-iMet-CAT-2-1","blood vs epithelium",5.25,0.257988902745378
"tRNA-iMet-CAT-2-1","blood vs brain",22.125,0.0231832650383955
"tRNA-iMet-CAT-2-1","epithelium vs brain",16.875,0.0779294433212762
"SNAR-C3","embryo vs blood",-14.1642857142857,0.15349678647241
"SNAR-C3","embryo vs epithelium",-0.464285714285708,0.963824650306507
"SNAR-C3","embryo vs brain",29.7857142857143,0.0230942946210562
"SNAR-C3","blood vs epithelium",13.7,0.00197431379202425
"SNAR-C3","blood vs brain",43.95,3.46598395426966e-05
"SNAR-C3","epithelium vs brain",30.25,0.00239260182938672
"TRA-AGC11-1","embryo vs blood",-42.1538461538462,5.60045942195272e-05
"TRA-AGC11-1","embryo vs epithelium",0.538461538461538,0.337049057953584
"TRA-AGC11-1","embryo vs brain",0.538461538461538,0.337049057953584
"TRA-AGC11-1","blood vs epithelium",42.6923076923077,5.09261805229947e-05
"TRA-AGC11-1","blood vs brain",42.6923076923077,5.09261805229947e-05
"TRA-AGC11-1","epithelium vs brain",0,NA
"TRL-TAG2-1","embryo vs blood",-67.5,2.26004354908074e-07
"TRL-TAG2-1","embryo vs epithelium",-29.0833333333333,1.07982969360831e-08
"TRL-TAG2-1","embryo vs brain",-2.66666666666667,0.338100488619818
"TRL-TAG2-1","blood vs epithelium",38.4166666666667,4.1717513769125e-05
"TRL-TAG2-1","blood vs brain",64.8333333333333,8.54640155592825e-08
"TRL-TAG2-1","epithelium vs brain",26.4166666666667,1.16825299264543e-07
"tRNA-Met-CAT-6-1","embryo vs blood",-1,0.431123398774873
"tRNA-Met-CAT-6-1","embryo vs epithelium",-0.928571428571428,0.437952085399121
"tRNA-Met-CAT-6-1","embryo vs brain",0.214285714285714,0.335561277865423
"tRNA-Met-CAT-6-1","blood vs epithelium",0.0714285714285714,0.966161296710186
"tRNA-Met-CAT-6-1","blood vs brain",1.21428571428571,0.335561277865423
"tRNA-Met-CAT-6-1","epithelium vs brain",1.14285714285714,0.335561277865423
"TRM-CAT3-2","embryo vs blood",-1.375,0.0827855791281661
"TRM-CAT3-2","embryo vs epithelium",-1.625,0.171935800829652
"TRM-CAT3-2","embryo vs brain",0,NA
"TRM-CAT3-2","blood vs epithelium",-0.25,0.846794911724687
"TRM-CAT3-2","blood vs brain",1.375,0.0827855791281661
"TRM-CAT3-2","epithelium vs brain",1.625,0.171935800829652
"tRNA-Leu-CAG-2-2","embryo vs blood",1.07142857142857,0.196892991827226
"tRNA-Leu-CAG-2-2","embryo vs epithelium",0.214285714285714,0.855392912886567
"tRNA-Leu-CAG-2-2","embryo vs brain",-0.0714285714285714,0.959401315207427
"tRNA-Leu-CAG-2-2","blood vs epithelium",-0.857142857142857,0.335561277865423
"tRNA-Leu-CAG-2-2","blood vs brain",-1.14285714285714,0.335561277865423
"tRNA-Leu-CAG-2-2","epithelium vs brain",-0.285714285714286,0.843157949069319
"TRA-AGC1-1","embryo vs blood",-87,6.5711576566725e-07
"TRA-AGC1-1","embryo vs epithelium",0,NA
"TRA-AGC1-1","embryo vs brain",0,NA
"TRA-AGC1-1","blood vs epithelium",87,6.5711576566725e-07
"TRA-AGC1-1","blood vs brain",87,6.5711576566725e-07
"TRA-AGC1-1","epithelium vs brain",0,NA
"tRNA-Gly-TCC-3-1","embryo vs blood",-40.7,0.000433448188715864
"tRNA-Gly-TCC-3-1","embryo vs epithelium",0,NA
"tRNA-Gly-TCC-3-1","embryo vs brain",-2.8,0.167850656057075
"tRNA-Gly-TCC-3-1","blood vs epithelium",40.7,0.000433448188715864
"tRNA-Gly-TCC-3-1","blood vs brain",37.9,0.000623407820935834
"tRNA-Gly-TCC-3-1","epithelium vs brain",-2.8,0.167850656057075
"tRNA-Lys-CTT-5-1","embryo vs blood",-34.4615384615385,0.000143389670032887
"tRNA-Lys-CTT-5-1","embryo vs epithelium",-50.9230769230769,8.20760105386233e-07
"tRNA-Lys-CTT-5-1","embryo vs brain",0.769230769230766,0.936170383389929
"tRNA-Lys-CTT-5-1","blood vs epithelium",-16.4615384615385,0.0049673171646254
"tRNA-Lys-CTT-5-1","blood vs brain",35.2307692307692,0.00064243505948733
"tRNA-Lys-CTT-5-1","epithelium vs brain",51.6923076923077,1.01591920078151e-05
"tRNA-Ile-AAT-2-1","embryo vs blood",-17.2857142857143,0.00124706851874505
"tRNA-Ile-AAT-2-1","embryo vs epithelium",-0.214285714285714,0.713602580733002
"tRNA-Ile-AAT-2-1","embryo vs brain",-0.571428571428571,0.536105063270705
"tRNA-Ile-AAT-2-1","blood vs epithelium",17.0714285714286,0.00137273935769432
"tRNA-Ile-AAT-2-1","blood vs brain",16.7142857142857,0.00162809110269736
"tRNA-Ile-AAT-2-1","epithelium vs brain",-0.357142857142857,0.722522370339618
"TRA-CGC4-1","embryo vs blood",-19.4285714285714,1.73940468765681e-05
"TRA-CGC4-1","embryo vs epithelium",0,NA
"TRA-CGC4-1","embryo vs brain",0,NA
"TRA-CGC4-1","blood vs epithelium",19.4285714285714,1.73940468765681e-05
"TRA-CGC4-1","blood vs brain",19.4285714285714,1.73940468765681e-05
"TRA-CGC4-1","epithelium vs brain",0,NA
"TRK-TTT4-1","embryo vs blood",-73.6666666666667,0.0214818875028761
"TRK-TTT4-1","embryo vs epithelium",-30.3333333333333,0.127617415376373
"TRK-TTT4-1","embryo vs brain",0,NA
"TRK-TTT4-1","blood vs epithelium",43.3333333333333,0.0567246018786854
"TRK-TTT4-1","blood vs brain",73.6666666666667,0.0214818875028761
"TRK-TTT4-1","epithelium vs brain",30.3333333333333,0.127617415376373
"SNAR-G2","embryo vs blood",30.1,1.79421616597422e-06
"SNAR-G2","embryo vs epithelium",17.65,0.00783648489415505
"SNAR-G2","embryo vs brain",84.05,8.05488394802256e-21
"SNAR-G2","blood vs epithelium",-12.45,0.0979066067154716
"SNAR-G2","blood vs brain",53.95,1.95360276281872e-11
"SNAR-G2","epithelium vs brain",66.4,4.56279251873572e-11
"tRNA-Asn-GTT-1-1","embryo vs blood",-69.125,5.43616712125369e-07
"tRNA-Asn-GTT-1-1","embryo vs epithelium",0.375,0.645071698356
"tRNA-Asn-GTT-1-1","embryo vs brain",1,0.0679032519445523
"tRNA-Asn-GTT-1-1","blood vs epithelium",69.5,5.00331432101665e-07
"tRNA-Asn-GTT-1-1","blood vs brain",70.125,4.67924117410142e-07
"tRNA-Asn-GTT-1-1","epithelium vs brain",0.625,0.333170135915476
"TRE-TTC2-1","embryo vs blood",0.6,0.167850656057075
"TRE-TTC2-1","embryo vs epithelium",0.6,0.167850656057075
"TRE-TTC2-1","embryo vs brain",-2.8,0.261262498598337
"TRE-TTC2-1","blood vs epithelium",0,NA
"TRE-TTC2-1","blood vs brain",-3.4,0.175202837666482
"TRE-TTC2-1","epithelium vs brain",-3.4,0.175202837666482
"tRNA-Leu-TAG-3-1","embryo vs blood",0.142857142857143,0.335561277865423
"tRNA-Leu-TAG-3-1","embryo vs epithelium",-0.857142857142857,0.256845500542819
"tRNA-Leu-TAG-3-1","embryo vs brain",-0.285714285714286,0.536105063270705
"tRNA-Leu-TAG-3-1","blood vs epithelium",-1,0.183026553166779
"tRNA-Leu-TAG-3-1","blood vs brain",-0.428571428571429,0.335561277865423
"tRNA-Leu-TAG-3-1","epithelium vs brain",0.571428571428571,0.498655567418343
"Val-tRNA","embryo vs blood",-57.6666666666667,5.18910182696577e-11
"Val-tRNA","embryo vs epithelium",-92.1666666666667,2.06344934822538e-12
"Val-tRNA","embryo vs brain",4.66666666666667,0.0472200200544381
"Val-tRNA","blood vs epithelium",-34.5,7.49516939695256e-08
"Val-tRNA","blood vs brain",62.3333333333333,6.78760653288652e-10
"Val-tRNA","epithelium vs brain",96.8333333333333,1.46091981831835e-16
"TRA-AGC20-1","embryo vs blood",4.25,0.0823062398288389
"TRA-AGC20-1","embryo vs epithelium",2.5,0.181690113816209
"TRA-AGC20-1","embryo vs brain",3.75,0.391002218955771
"TRA-AGC20-1","blood vs epithelium",-1.75,0.455958572062226
"TRA-AGC20-1","blood vs brain",-0.5,0.908603220502913
"TRA-AGC20-1","epithelium vs brain",1.25,0.771769058299873
"tRNA-Pro-TGG-3-3","embryo vs blood",-0.384615384615385,0.337049057953584
"tRNA-Pro-TGG-3-3","embryo vs epithelium",-2.15384615384615,0.087902981585433
"tRNA-Pro-TGG-3-3","embryo vs brain",-2.38461538461538,0.20380148748865
"tRNA-Pro-TGG-3-3","blood vs epithelium",-1.76923076923077,0.16863057611822
"tRNA-Pro-TGG-3-3","blood vs brain",-2,0.290403797502689
"tRNA-Pro-TGG-3-3","epithelium vs brain",-0.230769230769231,0.914346960932824
"tRNA-Arg-ACG-1-2","embryo vs blood",-2.41666666666667,0.0979067896602525
"tRNA-Arg-ACG-1-2","embryo vs epithelium",-21.5833333333333,7.62568109163574e-06
"tRNA-Arg-ACG-1-2","embryo vs brain",-0.583333333333333,0.674544666984634
"tRNA-Arg-ACG-1-2","blood vs epithelium",-19.1666666666667,2.41021333289099e-05
"tRNA-Arg-ACG-1-2","blood vs brain",1.83333333333333,0.224227620208356
"tRNA-Arg-ACG-1-2","epithelium vs brain",21,9.37708709815642e-06
"TRM-CAT2-1","embryo vs blood",-75.75,0.000428034804798699
"TRM-CAT2-1","embryo vs epithelium",-38.125,0.000223243310634383
"TRM-CAT2-1","embryo vs brain",-2.625,0.429881605370616
"TRM-CAT2-1","blood vs epithelium",37.625,0.0185094179814523
"TRM-CAT2-1","blood vs brain",73.125,0.000405199686206587
"TRM-CAT2-1","epithelium vs brain",35.5,0.000154140615595297
"tRNA-Thr-CGT-6-1","embryo vs blood",-30,0.0393707497478851
"tRNA-Thr-CGT-6-1","embryo vs epithelium",-29.5,0.0277431687710886
"tRNA-Thr-CGT-6-1","embryo vs brain",48.125,0.00654099003259176
"tRNA-Thr-CGT-6-1","blood vs epithelium",0.5,0.963178402541568
"tRNA-Thr-CGT-6-1","blood vs brain",78.125,2.85263561389866e-05
"tRNA-Thr-CGT-6-1","epithelium vs brain",77.625,4.75398920912419e-08
"TRA-AGC5-1","embryo vs blood",-10.1666666666667,0.128174266243771
"TRA-AGC5-1","embryo vs epithelium",-64.3333333333333,0.00345552561498785
"TRA-AGC5-1","embryo vs brain",4.83333333333333,0.175004867122607
"TRA-AGC5-1","blood vs epithelium",-54.1666666666667,0.0066177470534748
"TRA-AGC5-1","blood vs brain",15,0.0336048366735204
"TRA-AGC5-1","epithelium vs brain",69.1666666666667,0.00299867914410394
"tRNA-Val-CAC-2-1","embryo vs blood",-83.1547619047619,3.88111166300285e-13
"tRNA-Val-CAC-2-1","embryo vs epithelium",2.48809523809524,0.398217484441593
"tRNA-Val-CAC-2-1","embryo vs brain",2.55952380952381,0.393310421661737
"tRNA-Val-CAC-2-1","blood vs epithelium",85.6428571428571,4.34581160475137e-11
"tRNA-Val-CAC-2-1","blood vs brain",85.7142857142857,2.87004053919705e-11
"tRNA-Val-CAC-2-1","epithelium vs brain",0.0714285714285715,0.947111303077033
"tRNA-Lys-CTT-1-2","embryo vs blood",-0.583333333333333,0.338800696196202
"tRNA-Lys-CTT-1-2","embryo vs epithelium",-0.75,0.338800696196202
"tRNA-Lys-CTT-1-2","embryo vs brain",0,NA
"tRNA-Lys-CTT-1-2","blood vs epithelium",-0.166666666666667,0.862457239913349
"tRNA-Lys-CTT-1-2","blood vs brain",0.583333333333333,0.338800696196202
"tRNA-Lys-CTT-1-2","epithelium vs brain",0.75,0.338800696196202
"TRI-AAT4-1","embryo vs blood",-70.3035714285714,2.07324746274062e-08
"TRI-AAT4-1","embryo vs epithelium",-94.8035714285714,5.203136524375e-23
"TRI-AAT4-1","embryo vs brain",-3.30357142857143,0.27533604737985
"TRI-AAT4-1","blood vs epithelium",-24.5,0.00284118203214666
"TRI-AAT4-1","blood vs brain",67,1.50287817690479e-08
"TRI-AAT4-1","epithelium vs brain",91.5,1.09251134500729e-21
"TRA-AGC4-1","embryo vs blood",-1.33333333333333,0.363217467649123
"TRA-AGC4-1","embryo vs epithelium",-1.16666666666667,0.363217467649122
"TRA-AGC4-1","embryo vs brain",-4.16666666666667,0.363217467649123
"TRA-AGC4-1","blood vs epithelium",0.166666666666667,0.926942313725559
"TRA-AGC4-1","blood vs brain",-2.83333333333333,0.541134326007408
"TRA-AGC4-1","epithelium vs brain",-3,0.514982028088744
"tRNA-Lys-CTT-2-1","embryo vs blood",-0.916666666666667,0.203551920037025
"tRNA-Lys-CTT-2-1","embryo vs epithelium",-2.5,0.107994121656718
"tRNA-Lys-CTT-2-1","embryo vs brain",-1.75,0.185188972337107
"tRNA-Lys-CTT-2-1","blood vs epithelium",-1.58333333333333,0.33107642304152
"tRNA-Lys-CTT-2-1","blood vs brain",-0.833333333333333,0.561716542815287
"tRNA-Lys-CTT-2-1","epithelium vs brain",0.75,0.69511110159477
"TRI-AAT5-1","embryo vs blood",0.3125,0.659081264202042
"TRI-AAT5-1","embryo vs epithelium",0,1
"TRI-AAT5-1","embryo vs brain",0.625,0.333170135915476
"TRI-AAT5-1","blood vs epithelium",-0.3125,0.559597372579448
"TRI-AAT5-1","blood vs brain",0.3125,0.333170135915476
"TRI-AAT5-1","epithelium vs brain",0.625,0.163875613655654
"tRNA-Thr-TGT-1-1","embryo vs blood",-8.75,0.149095047651411
"tRNA-Thr-TGT-1-1","embryo vs epithelium",-1.25,0.772430830413192
"tRNA-Thr-TGT-1-1","embryo vs brain",1,0.792148362755939
"tRNA-Thr-TGT-1-1","blood vs epithelium",7.5,0.199665854840353
"tRNA-Thr-TGT-1-1","blood vs brain",9.75,0.102176111615436
"tRNA-Thr-TGT-1-1","epithelium vs brain",2.25,0.543683696861427
"tRNA-Asp-GTC-1-1","embryo vs blood",1.14285714285714,0.335561277865423
"tRNA-Asp-GTC-1-1","embryo vs epithelium",1.14285714285714,0.335561277865423
"tRNA-Asp-GTC-1-1","embryo vs brain",-1.31868131868132,0.531118959915371
"tRNA-Asp-GTC-1-1","blood vs epithelium",0,NA
"tRNA-Asp-GTC-1-1","blood vs brain",-2.46153846153846,0.179532640732221
"tRNA-Asp-GTC-1-1","epithelium vs brain",-2.46153846153846,0.179532640732221
"tRNA-Lys-TTT-6-1","embryo vs blood",-89.3333333333333,2.69371445369402e-05
"tRNA-Lys-TTT-6-1","embryo vs epithelium",-43.6666666666667,0.0340680695451338
"tRNA-Lys-TTT-6-1","embryo vs brain",-1,0.837201826752894
"tRNA-Lys-TTT-6-1","blood vs epithelium",45.6666666666667,0.0293613630989513
"tRNA-Lys-TTT-6-1","blood vs brain",88.3333333333333,6.45270726943524e-05
"tRNA-Lys-TTT-6-1","epithelium vs brain",42.6666666666667,0.030917375235968
"TRF-GAA2-1","embryo vs blood",-5.125,0.111844482817157
"TRF-GAA2-1","embryo vs epithelium",-1.125,0.350616662820207
"TRF-GAA2-1","embryo vs brain",0,NA
"TRF-GAA2-1","blood vs epithelium",4,0.219440584861073
"TRF-GAA2-1","blood vs brain",5.125,0.111844482817157
"TRF-GAA2-1","epithelium vs brain",1.125,0.350616662820207
"TRP-TGG2-1","embryo vs blood",0.416666666666667,0.694825467390361
"TRP-TGG2-1","embryo vs epithelium",0.25,0.809666231183453
"TRP-TGG2-1","embryo vs brain",0.916666666666667,0.338800696196202
"TRP-TGG2-1","blood vs epithelium",-0.166666666666667,0.806539585364353
"TRP-TGG2-1","blood vs brain",0.5,0.338800696196202
"TRP-TGG2-1","epithelium vs brain",0.666666666666667,0.166086813518296
"TRT-TGT5-1","embryo vs blood",-3.5,0.0957171469709219
"TRT-TGT5-1","embryo vs epithelium",0,NA
"TRT-TGT5-1","embryo vs brain",0,NA
"TRT-TGT5-1","blood vs epithelium",3.5,0.0957171469709219
"TRT-TGT5-1","blood vs brain",3.5,0.0957171469709219
"TRT-TGT5-1","epithelium vs brain",0,NA
"TRR-TCG1-1","embryo vs blood",0,NA
"TRR-TCG1-1","embryo vs epithelium",-1,0.167383975563317
"TRR-TCG1-1","embryo vs brain",-1.25,0.333170135915476
"TRR-TCG1-1","blood vs epithelium",-1,0.167383975563317
"TRR-TCG1-1","blood vs brain",-1.25,0.333170135915476
"TRR-TCG1-1","epithelium vs brain",-0.25,0.862477751022543
"MIR3689A","blood vs epithelium",58.5,0.0918574815056737
"MIR3689A","blood vs brain",25,0.5
"MIR3689A","epithelium vs brain",-33.5,0.393872452433515
"tRNA-Ala-CGC-3-1","embryo vs blood",-2.83333333333333,0.00995251414606587
"tRNA-Ala-CGC-3-1","embryo vs epithelium",-0.833333333333333,0.338800696196202
"tRNA-Ala-CGC-3-1","embryo vs brain",0,NA
"tRNA-Ala-CGC-3-1","blood vs epithelium",2,0.119717980006068
"tRNA-Ala-CGC-3-1","blood vs brain",2.83333333333333,0.00995251414606587
"tRNA-Ala-CGC-3-1","epithelium vs brain",0.833333333333333,0.338800696196202
"TRE-TTC5-1","embryo vs blood",-2,0.270663826093952
"TRE-TTC5-1","embryo vs epithelium",-13,1.84233717005561e-05
"TRE-TTC5-1","embryo vs brain",1.83333333333333,0.0521930170151307
"TRE-TTC5-1","blood vs epithelium",-11,0.000226962315949976
"TRE-TTC5-1","blood vs brain",3.83333333333333,0.0302101836811583
"TRE-TTC5-1","epithelium vs brain",14.8333333333333,9.91128382257863e-06
"TRV-AAC5-1","embryo vs blood",-26.1428571428571,0.00236555470869653
"TRV-AAC5-1","embryo vs epithelium",-89.6428571428571,5.27119629434824e-23
"TRV-AAC5-1","embryo vs brain",0.714285714285714,0.708251407224403
"TRV-AAC5-1","blood vs epithelium",-63.5,2.39445310062411e-07
"TRV-AAC5-1","blood vs brain",26.8571428571429,0.00187069695646391
"TRV-AAC5-1","epithelium vs brain",90.3571428571429,1.32212881852435e-17
"TRR-ACG2-3","embryo vs blood",0.636363636363636,0.269160312808006
"TRR-ACG2-3","embryo vs epithelium",-0.363636363636364,0.753675209550732
"TRR-ACG2-3","embryo vs brain",0.636363636363636,0.269160312808006
"TRR-ACG2-3","blood vs epithelium",-1,0.34089313230206
"TRR-ACG2-3","blood vs brain",0,NA
"TRR-ACG2-3","epithelium vs brain",1,0.34089313230206
"TRT-AGT1-2","embryo vs blood",0,NA
"TRT-AGT1-2","embryo vs epithelium",0,NA
"TRT-AGT1-2","embryo vs brain",-3.3,0.343436396137914
"TRT-AGT1-2","blood vs epithelium",0,NA
"TRT-AGT1-2","blood vs brain",-3.3,0.343436396137914
"TRT-AGT1-2","epithelium vs brain",-3.3,0.343436396137914
"TRL-TAA4-1","embryo vs blood",-87.5833333333333,1.86833121387751e-20
"TRL-TAA4-1","embryo vs epithelium",-48,3.06238391375903e-05
"TRL-TAA4-1","embryo vs brain",3.83333333333333,0.200024864771974
"TRL-TAA4-1","blood vs epithelium",39.5833333333333,0.000174168028475437
"TRL-TAA4-1","blood vs brain",91.4166666666667,9.21503748970102e-19
"TRL-TAA4-1","epithelium vs brain",51.8333333333333,1.16005119490363e-05
"tRNA-Ala-TGC-3-1","embryo vs blood",-1.625,0.350616662820207
"tRNA-Ala-TGC-3-1","embryo vs epithelium",-1.5,0.350616662820207
"tRNA-Ala-TGC-3-1","embryo vs brain",-2.375,0.187256302136843
"tRNA-Ala-TGC-3-1","blood vs epithelium",0.125,0.955728724368234
"tRNA-Ala-TGC-3-1","blood vs brain",-0.75,0.748981800161081
"tRNA-Ala-TGC-3-1","epithelium vs brain",-0.875,0.698354713209494
"SYT15-AS1","embryo vs blood",25.8906882591093,0.104873390683092
"SYT15-AS1","embryo vs epithelium",30.5945241199478,0.0607766784100041
"SYT15-AS1","embryo vs brain",33.2884615384615,0.0434492625353792
"SYT15-AS1","blood vs epithelium",4.70383586083854,0.422423773662705
"SYT15-AS1","blood vs brain",7.39777327935223,0.206348009915717
"SYT15-AS1","epithelium vs brain",2.69393741851369,0.658937944771102
"TRR-TCG3-1","embryo vs blood",-58.8571428571429,1.98706321054617e-07
"TRR-TCG3-1","embryo vs epithelium",0,NA
"TRR-TCG3-1","embryo vs brain",-5.92857142857143,0.174289373341706
"TRR-TCG3-1","blood vs epithelium",58.8571428571429,1.98706321054617e-07
"TRR-TCG3-1","blood vs brain",52.9285714285714,1.80501720149255e-07
"TRR-TCG3-1","epithelium vs brain",-5.92857142857143,0.174289373341706
"TRS-AGA2-6","embryo vs blood",-30.75,6.2870354313338e-07
"TRS-AGA2-6","embryo vs epithelium",-16.625,2.51916904473661e-05
"TRS-AGA2-6","embryo vs brain",0.21875,0.854144267433271
"TRS-AGA2-6","blood vs epithelium",14.125,0.020624849889048
"TRS-AGA2-6","blood vs brain",30.96875,5.36338094791415e-07
"TRS-AGA2-6","epithelium vs brain",16.84375,1.69639188255269e-05
"tRNA-Ser-TGA-2-1","embryo vs blood",-52,4.667868833262e-05
"tRNA-Ser-TGA-2-1","embryo vs epithelium",-97,2.04921865543519e-20
"tRNA-Ser-TGA-2-1","embryo vs brain",-1.9375,0.0976466776148411
"tRNA-Ser-TGA-2-1","blood vs epithelium",-45,0.000195357495433905
"tRNA-Ser-TGA-2-1","blood vs brain",50.0625,6.75136438158614e-05
"tRNA-Ser-TGA-2-1","epithelium vs brain",95.0625,2.20958468692539e-29
"lnc-SLCO4A1-8","embryo vs blood",-47.1722972972973,2.37785850929822e-18
"lnc-SLCO4A1-8","embryo vs epithelium",-76.3614864864865,5.35540948654206e-34
"lnc-SLCO4A1-8","embryo vs brain",-23.405303030303,2.3549805386625e-07
"lnc-SLCO4A1-8","blood vs epithelium",-29.1891891891892,2.52506039067373e-07
"lnc-SLCO4A1-8","blood vs brain",23.7669942669943,5.54237389838456e-05
"lnc-SLCO4A1-8","epithelium vs brain",52.9561834561835,1.41047661552322e-17
"tRNA-Ile-AAT-1-1","embryo vs blood",-36.7222222222222,1.82544302033434e-05
"tRNA-Ile-AAT-1-1","embryo vs epithelium",-32.5555555555556,9.06459571257545e-05
"tRNA-Ile-AAT-1-1","embryo vs brain",55.0751633986928,3.35868902021698e-08
"tRNA-Ile-AAT-1-1","blood vs epithelium",4.16666666666667,0.204691582135687
"tRNA-Ile-AAT-1-1","blood vs brain",91.797385620915,7.82442546584155e-17
"tRNA-Ile-AAT-1-1","epithelium vs brain",87.6307189542484,5.46192820933269e-20
"tRNA-Gln-TTG-3-1","embryo vs blood",-13.1428571428571,0.0551901445271499
"tRNA-Gln-TTG-3-1","embryo vs epithelium",-24,0.00161504113912541
"tRNA-Gln-TTG-3-1","embryo vs brain",-8.85714285714286,0.0534218420092955
"tRNA-Gln-TTG-3-1","blood vs epithelium",-10.8571428571429,0.15247319080072
"tRNA-Gln-TTG-3-1","blood vs brain",4.28571428571428,0.533407817985802
"tRNA-Gln-TTG-3-1","epithelium vs brain",15.1428571428571,0.0224871779357936
"TRQ-CTG6-1","embryo vs blood",-1.16666666666667,0.388956493968413
"TRQ-CTG6-1","embryo vs epithelium",0.666666666666667,0.23538747727819
"TRQ-CTG6-1","embryo vs brain",0.666666666666667,0.23538747727819
"TRQ-CTG6-1","blood vs epithelium",1.83333333333333,0.176885617989054
"TRQ-CTG6-1","blood vs brain",1.83333333333333,0.176885617989054
"TRQ-CTG6-1","epithelium vs brain",0,NA
"TRK-TTT7-1","embryo vs blood",-90,1.68554305074962e-06
"TRK-TTT7-1","embryo vs epithelium",-70.75,0.00261179677409214
"TRK-TTT7-1","embryo vs brain",2.75,0.204508323409557
"TRK-TTT7-1","blood vs epithelium",19.25,0.0980506850303231
"TRK-TTT7-1","blood vs brain",92.75,6.5023328997516e-05
"TRK-TTT7-1","epithelium vs brain",73.5,0.00300536586178099
"TRT-TGT2-1","embryo vs blood",-60.125,0.00394802390982288
"TRT-TGT2-1","embryo vs epithelium",-58.625,0.00440226788196454
"TRT-TGT2-1","embryo vs brain",34.875,0.0448029938512911
"TRT-TGT2-1","blood vs epithelium",1.5,0.527320370042146
"TRT-TGT2-1","blood vs brain",95,1.26416122681083e-15
"TRT-TGT2-1","epithelium vs brain",93.5,1.49889934046271e-14
"TRV-CAC1-5","embryo vs blood",-44.75,2.34373302328725e-08
"TRV-CAC1-5","embryo vs epithelium",-20.0625,0.000247330195803769
"TRV-CAC1-5","embryo vs brain",-0.3125,0.333170135915476
"TRV-CAC1-5","blood vs epithelium",24.6875,0.000258800424389647
"TRV-CAC1-5","blood vs brain",44.4375,2.39993146389119e-08
"TRV-CAC1-5","epithelium vs brain",19.75,0.000285459586516342
"tRNA-Ala-CGC-1-1","embryo vs blood",-0.5,0.343436396137914
"tRNA-Ala-CGC-1-1","embryo vs epithelium",-0.5,0.343436396137914
"tRNA-Ala-CGC-1-1","embryo vs brain",-2.8,0.172685089629539
"tRNA-Ala-CGC-1-1","blood vs epithelium",0,1
"tRNA-Ala-CGC-1-1","blood vs brain",-2.3,0.266075015802218
"tRNA-Ala-CGC-1-1","epithelium vs brain",-2.3,0.266075015802218
"TRX-CAT1-5","embryo vs blood",0.4,0.343436396137914
"TRX-CAT1-5","embryo vs epithelium",0.4,0.343436396137914
"TRX-CAT1-5","embryo vs brain",-1,0.507147644163003
"TRX-CAT1-5","blood vs epithelium",0,NA
"TRX-CAT1-5","blood vs brain",-1.4,0.343436396137914
"TRX-CAT1-5","epithelium vs brain",-1.4,0.343436396137914
"tRNA-Val-CAC-1-3","embryo vs blood",-48.5,3.4975374980014e-07
"tRNA-Val-CAC-1-3","embryo vs epithelium",-6.77777777777778,0.00177988697039934
"tRNA-Val-CAC-1-3","embryo vs brain",-0.333333333333333,0.331332762038679
"tRNA-Val-CAC-1-3","blood vs epithelium",41.7222222222222,1.90948598493425e-06
"tRNA-Val-CAC-1-3","blood vs brain",48.1666666666667,3.76158722513715e-07
"tRNA-Val-CAC-1-3","epithelium vs brain",6.44444444444444,0.00276702865056645
"SNAR-G1","embryo vs blood",-25.4583333333333,0.0141566478048988
"SNAR-G1","embryo vs epithelium",-12.875,0.252684517835061
"SNAR-G1","embryo vs brain",33.375,0.0269868144683113
"SNAR-G1","blood vs epithelium",12.5833333333333,0.139309734155562
"SNAR-G1","blood vs brain",58.8333333333333,0.000276483933931402
"SNAR-G1","epithelium vs brain",46.25,0.00306025994383683
"tRNA-Arg-TCG-4-1","embryo vs blood",-45,0.00598006433238513
"tRNA-Arg-TCG-4-1","embryo vs epithelium",-62.9,4.10120786054228e-05
"tRNA-Arg-TCG-4-1","embryo vs brain",-47.7,0.00216630412623805
"tRNA-Arg-TCG-4-1","blood vs epithelium",-17.9,0.151147871775534
"tRNA-Arg-TCG-4-1","blood vs brain",-2.7,0.859795868816541
"tRNA-Arg-TCG-4-1","epithelium vs brain",15.2,0.166581556235013
"TRC-GCA11-1","embryo vs blood",-97.7142857142857,2.80542792274076e-09
"TRC-GCA11-1","embryo vs epithelium",-75,0.000483663322565549
"TRC-GCA11-1","embryo vs brain",-42.8571428571429,0.000305482811200452
"TRC-GCA11-1","blood vs epithelium",22.7142857142857,0.0852824680677717
"TRC-GCA11-1","blood vs brain",54.8571428571429,3.07813124022417e-05
"TRC-GCA11-1","epithelium vs brain",32.1428571428571,0.0290661819228473
"TRD-GTC2-8","embryo vs blood",-2.4375,0.213785721731844
"TRD-GTC2-8","embryo vs epithelium",-3.57142857142857,0.335561277865423
"TRD-GTC2-8","embryo vs brain",0,NA
"TRD-GTC2-8","blood vs epithelium",-1.13392857142857,0.781590072303802
"TRD-GTC2-8","blood vs brain",2.4375,0.213785721731844
"TRD-GTC2-8","epithelium vs brain",3.57142857142857,0.335561277865423
"TRA-AGC15-1","embryo vs blood",-94.3,1.70247981423173e-16
"TRA-AGC15-1","embryo vs epithelium",-85.2,9.68064429670921e-08
"TRA-AGC15-1","embryo vs brain",-70.6,2.33146779339371e-06
"TRA-AGC15-1","blood vs epithelium",9.09999999999999,0.182604499242012
"TRA-AGC15-1","blood vs brain",23.7,0.00898242683664374
"TRA-AGC15-1","epithelium vs brain",14.6,0.142190150656298
"tRNA-Ser-GCT-2-1","embryo vs blood",-73.875,6.24865571355271e-08
"tRNA-Ser-GCT-2-1","embryo vs epithelium",-51.9375,1.33508806489773e-10
"tRNA-Ser-GCT-2-1","embryo vs brain",-2.35714285714286,0.335561277865423
"tRNA-Ser-GCT-2-1","blood vs epithelium",21.9375,0.0146082772071324
"tRNA-Ser-GCT-2-1","blood vs brain",71.5178571428571,4.0439670426222e-08
"tRNA-Ser-GCT-2-1","epithelium vs brain",49.5803571428571,3.69318877838555e-12
"tRNA-Ser","embryo vs blood",-53.4375,9.24828444135552e-07
"tRNA-Ser","embryo vs epithelium",-46.5625,1.42014127238833e-09
"tRNA-Ser","embryo vs brain",-1.375,0.505495059197302
"tRNA-Ser","blood vs epithelium",6.875,0.380563966895004
"tRNA-Ser","blood vs brain",52.0625,8.58736772608329e-07
"tRNA-Ser","epithelium vs brain",45.1875,1.91548183460811e-10
"RNU6-9","embryo vs blood",-0.333333333333333,0.334281943394657
"RNU6-9","embryo vs epithelium",-0.933333333333333,0.334281943394657
"RNU6-9","embryo vs brain",-0.6,0.188716492335505
"RNU6-9","blood vs epithelium",-0.6,0.552674382688838
"RNU6-9","blood vs brain",-0.266666666666667,0.630215313377618
"RNU6-9","epithelium vs brain",0.333333333333333,0.749478720294295
"TRC-GCA4-1","embryo vs blood",2,0.422649730810374
"TRC-GCA4-1","embryo vs epithelium",2,0.422649730810374
"TRC-GCA4-1","embryo vs brain",-1.66666666666667,0.715820004377792
"TRC-GCA4-1","blood vs epithelium",0,NA
"TRC-GCA4-1","blood vs brain",-3.66666666666667,0.422649730810374
"TRC-GCA4-1","epithelium vs brain",-3.66666666666667,0.422649730810374
"TRL-AAG2-4","embryo vs blood",-35.1875,0.00045692290044453
"TRL-AAG2-4","embryo vs epithelium",-0.625,0.493251207345868
"TRL-AAG2-4","embryo vs brain",-2.60714285714286,0.203490392683484
"TRL-AAG2-4","blood vs epithelium",34.5625,0.000535482697846398
"TRL-AAG2-4","blood vs brain",32.5803571428571,0.000923654292081873
"TRL-AAG2-4","epithelium vs brain",-1.98214285714286,0.364082302290564
"TRA-CGC2-1","embryo vs blood",-79.8,5.09261010692696e-09
"TRA-CGC2-1","embryo vs epithelium",3.3,0.199139819962891
"TRA-CGC2-1","embryo vs brain",5.1,0.0403802255143721
"TRA-CGC2-1","blood vs epithelium",83.1,1.86464866201049e-08
"TRA-CGC2-1","blood vs brain",84.9,4.26831994056598e-08
"TRA-CGC2-1","epithelium vs brain",1.8,0.170782612446195
"RCCD1-AS1","embryo vs blood",0.5,0.363217467649123
"RCCD1-AS1","embryo vs epithelium",2.33333333333333,0.180090319217976
"RCCD1-AS1","embryo vs brain",1.33333333333333,0.363217467649124
"RCCD1-AS1","blood vs epithelium",1.83333333333333,0.289128114171118
"RCCD1-AS1","blood vs brain",0.833333333333329,0.57851041261719
"RCCD1-AS1","epithelium vs brain",-1,0.628976141343689
"TRG-CCC2-1","embryo vs blood",-1.9375,0.283855904798476
"TRG-CCC2-1","embryo vs epithelium",0.25,0.333170135915476
"TRG-CCC2-1","embryo vs brain",0.25,0.333170135915476
"TRG-CCC2-1","blood vs epithelium",2.1875,0.224791387110327
"TRG-CCC2-1","blood vs brain",2.1875,0.224791387110327
"TRG-CCC2-1","epithelium vs brain",0,NA
"TRQ-TTG2-1","embryo vs blood",-59.3333333333333,0.0172613071489469
"TRQ-TTG2-1","embryo vs epithelium",0,NA
"TRQ-TTG2-1","embryo vs brain",-26.1666666666667,0.00466920085458205
"TRQ-TTG2-1","blood vs epithelium",59.3333333333333,0.0172613071489469
"TRQ-TTG2-1","blood vs brain",33.1666666666667,0.111430623221962
"TRQ-TTG2-1","epithelium vs brain",-26.1666666666667,0.00466920085458205
"tRNA-Val-AAC-3-1","embryo vs blood",-78.9166666666667,1.29393247318244e-08
"tRNA-Val-AAC-3-1","embryo vs epithelium",-10.25,0.00226752078661051
"tRNA-Val-AAC-3-1","embryo vs brain",-2.16666666666667,0.178268445827648
"tRNA-Val-AAC-3-1","blood vs epithelium",68.6666666666667,3.52639397486056e-09
"tRNA-Val-AAC-3-1","blood vs brain",76.75,4.58761930483982e-09
"tRNA-Val-AAC-3-1","epithelium vs brain",8.08333333333333,0.0149921999332606
"tRNA-Ala-TGC-2-1","embryo vs blood",-80.125,3.07566916640169e-07
"tRNA-Ala-TGC-2-1","embryo vs epithelium",4.5,0.493676377333466
"tRNA-Ala-TGC-2-1","embryo vs brain",4.125,0.546651821898036
"tRNA-Ala-TGC-2-1","blood vs epithelium",84.625,1.61399845947586e-06
"tRNA-Ala-TGC-2-1","blood vs brain",84.25,5.45167983470345e-07
"tRNA-Ala-TGC-2-1","epithelium vs brain",-0.375,0.900323280773394
"tRNA-Asn-GTT-4-1","embryo vs blood",-93.625,2.77423510537382e-19
"tRNA-Asn-GTT-4-1","embryo vs epithelium",-91.1875,5.960505414198e-19
"tRNA-Asn-GTT-4-1","embryo vs brain",-84.8125,1.83960689342717e-13
"tRNA-Asn-GTT-4-1","blood vs epithelium",2.4375,0.385421467690447
"tRNA-Asn-GTT-4-1","blood vs brain",8.8125,0.0432631230787129
"tRNA-Asn-GTT-4-1","epithelium vs brain",6.375,0.136449741277396
"tRNA-Ser-CGA-2-1","embryo vs blood",-7.91666666666666,0.0172901676343477
"tRNA-Ser-CGA-2-1","embryo vs epithelium",0.0833333333333428,0.986901107229229
"tRNA-Ser-CGA-2-1","embryo vs brain",41.7777777777778,0.00619224838553067
"tRNA-Ser-CGA-2-1","blood vs epithelium",8,0.101756289662044
"tRNA-Ser-CGA-2-1","blood vs brain",49.6944444444444,0.00235071222591182
"tRNA-Ser-CGA-2-1","epithelium vs brain",41.6944444444444,0.00627301025563611
"tRNA-Asn-GTT-3-2","embryo vs blood",-79,4.15453709633982e-07
"tRNA-Asn-GTT-3-2","embryo vs epithelium",-13.2857142857143,0.0126252670443112
"tRNA-Asn-GTT-3-2","embryo vs brain",1.71428571428571,0.355917683749582
"tRNA-Asn-GTT-3-2","blood vs epithelium",65.7142857142857,2.07398853549446e-06
"tRNA-Asn-GTT-3-2","blood vs brain",80.7142857142857,4.55290910188736e-07
"tRNA-Asn-GTT-3-2","epithelium vs brain",15,0.00524911254939641
"LINC01671","embryo vs blood",36.5521978021978,3.20965095133833e-06
"LINC01671","embryo vs epithelium",32.9969604863222,5.99447478316178e-05
"LINC01671","embryo vs brain",42.9805194805195,2.08438307406104e-07
"LINC01671","blood vs epithelium",-3.55523731587562,0.683810174287996
"LINC01671","blood vs brain",6.42832167832168,0.449959133953814
"LINC01671","epithelium vs brain",9.98355899419729,0.262601740667536
"SNAR-F","embryo vs blood",5.95833333333333,0.314244036024877
"SNAR-F","embryo vs epithelium",0.770833333333329,0.839849835848356
"SNAR-F","embryo vs brain",5.77083333333333,0.475956746140726
"SNAR-F","blood vs epithelium",-5.1875,0.335344757933358
"SNAR-F","blood vs brain",-0.1875,0.983077105778995
"SNAR-F","epithelium vs brain",5,0.517167624382981
"BLACE","embryo vs blood",18,0.0831774372470614
"BLACE","embryo vs epithelium",33.1710526315789,0.00125663929055486
"BLACE","embryo vs brain",31.8166666666667,0.0066370077837148
"BLACE","blood vs epithelium",15.1710526315789,0.17936473475323
"BLACE","blood vs brain",13.8166666666667,0.268297674297962
"BLACE","epithelium vs brain",-1.35438596491228,0.90805064213329
"tRNA-Lys-TTT-5-1","embryo vs blood",-20.5,0.0340789162655842
"tRNA-Lys-TTT-5-1","embryo vs epithelium",-7.5,0.052177242798819
"tRNA-Lys-TTT-5-1","embryo vs brain",-3.9,0.186345230181309
"tRNA-Lys-TTT-5-1","blood vs epithelium",13,0.168684649436237
"tRNA-Lys-TTT-5-1","blood vs brain",16.6,0.081483771468183
"tRNA-Lys-TTT-5-1","epithelium vs brain",3.6,0.416270946609301
"tRNA-Arg-CCT-2-1","embryo vs blood",-29,0.0539144783564371
"tRNA-Arg-CCT-2-1","embryo vs epithelium",-1.66666666666667,0.723157273014461
"tRNA-Arg-CCT-2-1","embryo vs brain",2.33333333333333,0.191709623134524
"tRNA-Arg-CCT-2-1","blood vs epithelium",27.3333333333333,0.0435240681383585
"tRNA-Arg-CCT-2-1","blood vs brain",31.3333333333333,0.0497776352834454
"tRNA-Arg-CCT-2-1","epithelium vs brain",4,0.422649730810374
"TRN-GTT2-4","blood vs epithelium",3.53333333333333,0.693625842447828
"TRN-GTT2-4","blood vs brain",87.7333333333333,1.43925518863293e-10
"TRN-GTT2-4","epithelium vs brain",84.2,1.08447929315795e-08
