GENE,Hit Title,Scientific Name,Max Score,Total Score,Query Cover,E value,Per. ident,Mapped Position
tRNA-Val-CAC-2-1,"Homo sapiens chromosome 6, GRCh38.p14 Primary Assembly",Homo sapiens,135.926,570.6777,100.00%,1.83377e-30,100.00,27280270
tRNA-Val-CAC-2-1,"Homo sapiens chromosome 1, GRCh38.p14 Primary Assembly",Homo sapiens,115.613,555.9046999999999,97.26%,2.38897e-24,93.15,121020729
tRNA-Val-CAC-2-1,"Homo sapiens chromosome 5, GRCh38.p14 Primary Assembly",Homo sapiens,115.613,897.204,97.26%,2.38897e-24,93.15,181102253
tRNA-Val-CAC-2-1,"Homo sapiens chromosome 3, GRCh38.p14 Primary Assembly",Homo sapiens,110.073,110.073,93.15%,1.11148e-22,89.04,169772299
tRNA-Val-CAC-2-1,"Homo sapiens chromosome 19, GRCh38.p14 Primary Assembly",Homo sapiens,93.4528,93.4528,97.26%,1.11937e-17,87.67,4724635
tRNA-Val-CAC-2-1,"Homo sapiens chromosome 11, GRCh38.p14 Primary Assembly",Homo sapiens,60.2131,60.2131,47.95%,1.13532e-07,46.58,44762917
SNAR-B2,"Homo sapiens chromosome 19, GRCh38.p14 Primary Assembly",Homo sapiens,222.718,1648.788,100.00%,2.73665e-56,100.00,50133745
SNAR-B2,"Homo sapiens chromosome 3, GRCh38.p14 Primary Assembly",Homo sapiens,156.239,156.239,100.00%,2.8152e-36,91.67,190877930
SNAR-B2,"Homo sapiens chromosome 7, GRCh38.p14 Primary Assembly",Homo sapiens,80.5262,80.5262,92.50%,1.74294e-13,75.83,26047562
SNAR-B2,"Homo sapiens chromosome 21, GRCh38.p14 Primary Assembly",Homo sapiens,78.6796,78.6796,42.50%,6.26874e-13,40.00,24738333
tRNA-Thr-CGT-6-1,"Homo sapiens chromosome 6, GRCh38.p14 Primary Assembly",Homo sapiens,134.079,134.079,100.00%,6.45204e-30,100.00,27303789
TRL-TAG2-1,"Homo sapiens chromosome 14, GRCh38.p14 Primary Assembly",Homo sapiens,152.546,288.472,100.00%,2.1771e-35,100.00,20625370
TRL-TAG2-1,"Homo sapiens chromosome 5, GRCh38.p14 Primary Assembly",Homo sapiens,135.926,527.084,100.00%,2.19255e-30,96.34,181187701
TRL-TAG2-1,"Homo sapiens chromosome 6, GRCh38.p14 Primary Assembly",Homo sapiens,135.926,385.618,100.00%,2.19255e-30,96.34,28943703
TRL-TAG2-1,"Homo sapiens chromosome 16, GRCh38.p14 Primary Assembly",Homo sapiens,135.926,249.692,100.00%,2.19255e-30,96.34,22297140
TRL-TAG2-1,"Homo sapiens chromosome 17, GRCh38.p14 Primary Assembly",Homo sapiens,135.926,135.926,100.00%,2.19255e-30,96.34,8120395
tRNA-Ile-AAT-1-1,"Homo sapiens chromosome 6, GRCh38.p14 Primary Assembly",Homo sapiens,137.772,1487.0681,100.00%,5.20941e-31,100.00,57822973
tRNA-Ile-AAT-1-1,"Homo sapiens chromosome 14, GRCh38.p14 Primary Assembly",Homo sapiens,132.232,132.232,100.00%,2.4237e-29,98.65,102317092
tRNA-Ile-AAT-1-1,"Homo sapiens chromosome 17, GRCh38.p14 Primary Assembly",Homo sapiens,132.232,258.924,100.00%,2.4237e-29,98.65,8187593
tRNA-Ile-AAT-1-1,"Homo sapiens chromosome 10, GRCh38.p14 Primary Assembly",Homo sapiens,62.0597,62.0597,56.76%,3.22524e-08,52.70,72972420
TRV-TAC1-1,"Homo sapiens chromosome 11, GRCh38.p14 Primary Assembly",Homo sapiens,135.926,266.312,100.00%,1.83377e-30,100.00,59550629
TRV-TAC1-1,"Homo sapiens chromosome X, GRCh38.p14 Primary Assembly",Homo sapiens,135.926,135.926,100.00%,1.83377e-30,100.00,18674909
TRV-TAC1-1,"Homo sapiens chromosome 10, GRCh38.p14 Primary Assembly",Homo sapiens,124.846,124.846,100.00%,3.96942e-27,97.26,5853711
tRNA-Asn-GTT-1-1,"Homo sapiens chromosome 1, GRCh38.p14 Primary Assembly",Homo sapiens,137.772,2035.5855000000001,100.00%,5.20941e-31,100.00,161540241
tRNA-Asn-GTT-1-1,"Homo sapiens chromosome 10, GRCh38.p14 Primary Assembly",Homo sapiens,132.232,132.232,100.00%,2.4237e-29,98.65,22229582
tRNA-Asn-GTT-1-1,"Homo sapiens chromosome 13, GRCh38.p14 Primary Assembly",Homo sapiens,132.232,132.232,100.00%,2.4237e-29,98.65,30674037
tRNA-Asn-GTT-1-1,"Homo sapiens chromosome 17, GRCh38.p14 Primary Assembly",Homo sapiens,132.232,132.232,100.00%,2.4237e-29,98.65,38751854
tRNA-Asn-GTT-1-1,"Homo sapiens chromosome 19, GRCh38.p14 Primary Assembly",Homo sapiens,132.232,132.232,100.00%,2.4237e-29,98.65,1383563
TRX-CAT1-5,"Homo sapiens chromosome 1, GRCh38.p14 Primary Assembly",Homo sapiens,134.079,134.079,100.00%,6.45204e-30,100.00,153671250
TRX-CAT1-5,"Homo sapiens chromosome 6, GRCh38.p14 Primary Assembly",Homo sapiens,134.079,933.0129999999999,100.00%,6.45204e-30,100.00,26286526
TRX-CAT1-5,"Homo sapiens chromosome 17, GRCh38.p14 Primary Assembly",Homo sapiens,134.079,134.079,100.00%,6.45204e-30,100.00,82494792
TRL-TAA4-1,"Homo sapiens chromosome 6, GRCh38.p14 Primary Assembly",Homo sapiens,154.392,396.69800000000004,100.00%,6.1632e-36,100.00,27230555
TRL-TAA4-1,"Homo sapiens chromosome 11, GRCh38.p14 Primary Assembly",Homo sapiens,93.4528,93.4528,100.00%,1.36271e-17,86.75,59551837
TRK-TTT3-2,"Homo sapiens chromosome 1, GRCh38.p14 Primary Assembly",Homo sapiens,135.926,383.77099999999996,100.00%,1.83377e-30,100.00,204506527
TRK-TTT3-2,"Homo sapiens chromosome 6, GRCh38.p14 Primary Assembly",Homo sapiens,135.926,374.538,100.00%,1.83377e-30,100.00,28951029
TRK-TTT3-2,"Homo sapiens chromosome 11, GRCh38.p14 Primary Assembly",Homo sapiens,135.926,385.618,100.00%,1.83377e-30,100.00,59560407
TRK-TTT3-2,"Homo sapiens chromosome 17, GRCh38.p14 Primary Assembly",Homo sapiens,135.926,135.926,100.00%,1.83377e-30,100.00,8119155
TRK-TTT3-2,"Homo sapiens chromosome 16, GRCh38.p14 Primary Assembly",Homo sapiens,117.459,117.459,98.63%,6.64224e-25,94.52,73478389
TRK-TTT3-2,"Homo sapiens chromosome 14, GRCh38.p14 Primary Assembly",Homo sapiens,102.686,102.686,91.78%,1.8599e-20,86.30,73588896
TRK-TTT3-2,"Homo sapiens chromosome 12, GRCh38.p14 Primary Assembly",Homo sapiens,97.1461,97.1461,95.89%,8.65328e-19,87.67,27690374
tRNA-Ser,"Homo sapiens chromosome 6, GRCh38.p14 Primary Assembly",Homo sapiens,152.546,1217.7939999999999,100.00%,2.1771e-35,100.00,27505828
tRNA-Ser,"Homo sapiens chromosome 8, GRCh38.p14 Primary Assembly",Homo sapiens,130.386,130.386,100.00%,1.0201e-28,95.12,95269657
tRNA-Ser,"Homo sapiens chromosome 17, GRCh38.p14 Primary Assembly",Homo sapiens,130.386,130.386,100.00%,1.0201e-28,95.12,8226610
TRE-TTC2-1,"Homo sapiens chromosome 13, GRCh38.p14 Primary Assembly",Homo sapiens,134.079,251.538,100.00%,6.45204e-30,100.00,44917927
TRE-TTC2-1,"Homo sapiens chromosome 15, GRCh38.p14 Primary Assembly",Homo sapiens,134.079,134.079,100.00%,6.45204e-30,100.00,26082234
TRE-TTC2-1,"Homo sapiens chromosome 2, GRCh38.p14 Primary Assembly",Homo sapiens,117.459,117.459,100.00%,6.49784e-25,95.83,130337128
TRA-AGC5-1,"Homo sapiens chromosome 6, GRCh38.p14 Primary Assembly",Homo sapiens,134.079,928.5924,100.00%,6.45204e-30,100.00,28710589
tRNA-Val-AAC-3-1,"Homo sapiens chromosome 6, GRCh38.p14 Primary Assembly",Homo sapiens,135.926,568.83,100.00%,1.83377e-30,100.00,27650928
tRNA-Val-AAC-3-1,"Homo sapiens chromosome 3, GRCh38.p14 Primary Assembly",Homo sapiens,113.766,113.766,100.00%,8.59228e-24,94.52,169772302
tRNA-Val-AAC-3-1,"Homo sapiens chromosome 5, GRCh38.p14 Primary Assembly",Homo sapiens,113.766,882.428,100.00%,8.59228e-24,94.52,181164226
tRNA-Val-AAC-3-1,"Homo sapiens chromosome 1, GRCh38.p14 Primary Assembly",Homo sapiens,108.226,427.36400000000003,100.00%,3.9976e-22,93.15,121020729
tRNA-Val-AAC-3-1,"Homo sapiens chromosome 2, GRCh38.p14 Primary Assembly",Homo sapiens,65.753,65.753,52.05%,2.44022e-09,50.68,47280756
tRNA-Val-AAC-3-1,"Homo sapiens chromosome 11, GRCh38.p14 Primary Assembly",Homo sapiens,63.9064,63.9064,50.68%,8.77659e-09,49.32,44762917
tRNA-Val-AAC-3-1,"Homo sapiens chromosome X, GRCh38.p14 Primary Assembly",Homo sapiens,58.3664,58.3664,50.68%,4.08335e-07,47.95,10285744
tRNA-Ile-AAT-2-1,"Homo sapiens chromosome 6, GRCh38.p14 Primary Assembly",Homo sapiens,137.772,1619.2990999999997,100.00%,5.20941e-31,100.00,27688188
tRNA-Ile-AAT-2-1,"Homo sapiens chromosome 14, GRCh38.p14 Primary Assembly",Homo sapiens,132.232,132.232,100.00%,2.4237e-29,98.65,102317092
tRNA-Ile-AAT-2-1,"Homo sapiens chromosome 17, GRCh38.p14 Primary Assembly",Homo sapiens,132.232,258.924,100.00%,2.4237e-29,98.65,8187593
tRNA-Ile-AAT-2-1,"Homo sapiens chromosome 10, GRCh38.p14 Primary Assembly",Homo sapiens,67.5997,67.5997,56.76%,6.93221e-10,54.05,72972420
tRNA-Ile-AAT-2-1,"Homo sapiens chromosome 12, GRCh38.p14 Primary Assembly",Homo sapiens,58.3664,58.3664,45.95%,4.17212e-07,44.59,27643043
tRNA-Leu-TAG-3-1,"Homo sapiens chromosome 16, GRCh38.p14 Primary Assembly",Homo sapiens,152.546,271.852,100.00%,2.1771e-35,100.00,22195711
tRNA-Leu-TAG-3-1,"Homo sapiens chromosome 17, GRCh38.p14 Primary Assembly",Homo sapiens,124.846,124.846,100.00%,4.74604e-27,93.90,8120314
tRNA-Leu-TAG-3-1,"Homo sapiens chromosome 5, GRCh38.p14 Primary Assembly",Homo sapiens,119.306,477.224,100.00%,2.20812e-25,92.68,181097474
tRNA-Leu-TAG-3-1,"Homo sapiens chromosome 6, GRCh38.p14 Primary Assembly",Homo sapiens,119.306,119.306,100.00%,2.20812e-25,92.68,28943622
tRNA-Leu-TAG-3-1,"Homo sapiens chromosome 14, GRCh38.p14 Primary Assembly",Homo sapiens,119.306,233.072,100.00%,2.20812e-25,92.68,20610213
tRNA-Leu-TAG-3-1,"Homo sapiens chromosome 10, GRCh38.p14 Primary Assembly",Homo sapiens,58.3664,58.3664,45.12%,4.88226e-07,42.68,93948094
TRK-CTT3-1,"Homo sapiens chromosome 16, GRCh38.p14 Primary Assembly",Homo sapiens,135.926,510.464,100.00%,1.83377e-30,100.00,3157405
TRK-CTT3-1,"Homo sapiens chromosome 1, GRCh38.p14 Primary Assembly",Homo sapiens,130.386,130.386,100.00%,8.53171e-29,98.63,146039473
TRK-CTT3-1,"Homo sapiens chromosome 5, GRCh38.p14 Primary Assembly",Homo sapiens,130.386,260.772,100.00%,8.53171e-29,98.63,181207827
TRK-CTT3-1,"Homo sapiens chromosome 6, GRCh38.p14 Primary Assembly",Homo sapiens,130.386,130.386,100.00%,8.53171e-29,98.63,26556618
TRK-CTT3-1,"Homo sapiens chromosome 14, GRCh38.p14 Primary Assembly",Homo sapiens,119.306,119.306,100.00%,1.84679e-25,95.89,58239895
TRK-CTT3-1,"Homo sapiens chromosome 15, GRCh38.p14 Primary Assembly",Homo sapiens,119.306,119.306,100.00%,1.84679e-25,95.89,78860634
TRK-CTT3-1,"Homo sapiens chromosome 7, GRCh38.p14 Primary Assembly",Homo sapiens,89.7595,89.7595,87.67%,1.448e-16,80.82,97141576
TRN-GTT2-4,"Homo sapiens chromosome 1, GRCh38.p14 Primary Assembly",Homo sapiens,137.772,2234.295,100.00%,5.20941e-31,100.00,144567515
TRN-GTT2-4,"Homo sapiens chromosome 10, GRCh38.p14 Primary Assembly",Homo sapiens,137.772,137.772,100.00%,5.20941e-31,100.00,22229509
TRN-GTT2-4,"Homo sapiens chromosome 13, GRCh38.p14 Primary Assembly",Homo sapiens,137.772,137.772,100.00%,5.20941e-31,100.00,30673964
TRN-GTT2-4,"Homo sapiens chromosome 17, GRCh38.p14 Primary Assembly",Homo sapiens,137.772,137.772,100.00%,5.20941e-31,100.00,38751781
TRN-GTT2-4,"Homo sapiens chromosome 19, GRCh38.p14 Primary Assembly",Homo sapiens,137.772,137.772,100.00%,5.20941e-31,100.00,1383636
tRNA-Ser-GCT-2-1,"Homo sapiens chromosome 6, GRCh38.p14 Primary Assembly",Homo sapiens,152.546,705.483,100.00%,2.1771e-35,100.00,27297996
tRNA-Ser-GCT-2-1,"Homo sapiens chromosome 15, GRCh38.p14 Primary Assembly",Homo sapiens,141.466,141.466,100.00%,4.71258e-32,97.56,40593906
tRNA-Ser-GCT-2-1,"Homo sapiens chromosome 17, GRCh38.p14 Primary Assembly",Homo sapiens,141.466,141.466,100.00%,4.71258e-32,97.56,8186866
tRNA-Ser-GCT-2-1,"Homo sapiens chromosome 11, GRCh38.p14 Primary Assembly",Homo sapiens,135.926,135.926,100.00%,2.19255e-30,96.34,66348120
tRNA-Arg-CCT-2-1,"Homo sapiens chromosome 17, GRCh38.p14 Primary Assembly",Homo sapiens,135.926,270.005,100.00%,1.83377e-30,100.00,75034431
tRNA-Arg-CCT-2-1,"Homo sapiens chromosome 7, GRCh38.p14 Primary Assembly",Homo sapiens,124.846,124.846,100.00%,3.96942e-27,97.26,139340772
tRNA-Arg-CCT-2-1,"Homo sapiens chromosome 16, GRCh38.p14 Primary Assembly",Homo sapiens,117.459,234.918,98.63%,6.64224e-25,94.52,3152971
tRNA-Thr-TGT-1-1,"Homo sapiens chromosome 6, GRCh38.p14 Primary Assembly",Homo sapiens,137.772,755.7341,100.00%,5.20941e-31,100.00,28474552
tRNA-Thr-TGT-1-1,"Homo sapiens chromosome 17, GRCh38.p14 Primary Assembly",Homo sapiens,104.533,308.0587,79.73%,5.28364e-21,78.38,8187225
tRNA-Thr-TGT-1-1,"Homo sapiens chromosome 19, GRCh38.p14 Primary Assembly",Homo sapiens,104.533,104.533,79.73%,5.28364e-21,78.38,33177122
tRNA-Thr-TGT-1-1,"Homo sapiens chromosome 1, GRCh38.p14 Primary Assembly",Homo sapiens,69.4463,69.4463,54.05%,1.92741e-10,52.70,35860196
tRNA-Thr-TGT-1-1,"Homo sapiens chromosome 10, GRCh38.p14 Primary Assembly",Homo sapiens,54.6731,54.6731,47.30%,5.39697e-06,44.59,39114451
TRQ-CTG6-1,"Homo sapiens chromosome 6, GRCh38.p14 Primary Assembly",Homo sapiens,134.079,947.062,100.00%,6.45204e-30,100.00,27791356
TRQ-CTG6-1,"Homo sapiens chromosome 17, GRCh38.p14 Primary Assembly",Homo sapiens,115.613,229.37900000000002,98.61%,2.33704e-24,94.44,49192598
TRQ-CTG6-1,"Homo sapiens chromosome 15, GRCh38.p14 Primary Assembly",Homo sapiens,113.766,113.766,93.06%,8.40549e-24,90.28,65869063
TRQ-CTG6-1,"Homo sapiens chromosome 1, GRCh38.p14 Primary Assembly",Homo sapiens,102.686,410.744,93.06%,1.81947e-20,87.50,143691544
TRQ-CTG6-1,"Homo sapiens chromosome 13, GRCh38.p14 Primary Assembly",Homo sapiens,76.8329,76.8329,61.11%,1.10281e-12,59.72,53676445
TRQ-CTG6-1,"Homo sapiens chromosome 4, GRCh38.p14 Primary Assembly",Homo sapiens,67.5997,67.5997,62.50%,6.63722e-10,58.33,133268494
LINC01671,"Homo sapiens chromosome 21, GRCh38.p14 Primary Assembly",Homo sapiens,2632.6,2632.6,100.00%,0,100.00,42614853
TRT-TGT2-1,"Homo sapiens chromosome 1, GRCh38.p14 Primary Assembly",Homo sapiens,135.926,135.926,100.00%,1.83377e-30,100.00,222465005
TRT-TGT2-1,"Homo sapiens chromosome 14, GRCh38.p14 Primary Assembly",Homo sapiens,113.766,330.218,100.00%,8.59228e-24,94.52,20613862
TRT-TGT2-1,"Homo sapiens chromosome 5, GRCh38.p14 Primary Assembly",Homo sapiens,106.379,106.379,100.00%,1.43779e-21,93.15,181191758
LINC00459,"Homo sapiens chromosome 13, GRCh38.p14 Primary Assembly",Homo sapiens,148.852,148.852,100.00%,2.71384e-34,100.00,62328756
tRNA-Ser-TGA-2-1,"Homo sapiens chromosome 6, GRCh38.p14 Primary Assembly",Homo sapiens,152.546,1425.7399999999998,100.00%,2.1771e-35,100.00,27545689
tRNA-Ser-TGA-2-1,"Homo sapiens chromosome 8, GRCh38.p14 Primary Assembly",Homo sapiens,141.466,141.466,100.00%,4.71258e-32,97.56,95269738
tRNA-Ser-TGA-2-1,"Homo sapiens chromosome 17, GRCh38.p14 Primary Assembly",Homo sapiens,141.466,141.466,100.00%,4.71258e-32,97.56,8226691
tRNA-Arg-CCT-3-1,"Homo sapiens chromosome 16, GRCh38.p14 Primary Assembly",Homo sapiens,135.926,238.612,100.00%,1.83377e-30,100.00,3152900
tRNA-Arg-CCT-3-1,"Homo sapiens chromosome 17, GRCh38.p14 Primary Assembly",Homo sapiens,119.306,236.765,100.00%,1.84679e-25,95.89,75033906
tRNA-Arg-CCT-3-1,"Homo sapiens chromosome 7, GRCh38.p14 Primary Assembly",Homo sapiens,117.459,117.459,98.63%,6.64224e-25,94.52,139340700
TRP-AGG1-1,"Homo sapiens chromosome 16, GRCh38.p14 Primary Assembly",Homo sapiens,134.079,943.3661,100.00%,6.45204e-30,100.00,3191989
TRP-AGG1-1,"Homo sapiens chromosome 1, GRCh38.p14 Primary Assembly",Homo sapiens,128.539,251.53799999999998,100.00%,3.00184e-28,98.61,167715559
TRP-AGG1-1,"Homo sapiens chromosome 6, GRCh38.p14 Primary Assembly",Homo sapiens,128.539,245.998,100.00%,3.00184e-28,98.61,26555270
TRP-AGG1-1,"Homo sapiens chromosome 7, GRCh38.p14 Primary Assembly",Homo sapiens,128.539,128.539,100.00%,3.00184e-28,98.61,128783450
TRP-AGG1-1,"Homo sapiens chromosome 11, GRCh38.p14 Primary Assembly",Homo sapiens,128.539,240.45799999999997,100.00%,3.00184e-28,98.61,76235513
TRP-AGG1-1,"Homo sapiens chromosome 14, GRCh38.p14 Primary Assembly",Homo sapiens,128.539,497.536,100.00%,3.00184e-28,98.61,20609407
TRP-AGG1-1,"Homo sapiens chromosome 5, GRCh38.p14 Primary Assembly",Homo sapiens,122.999,122.999,100.00%,1.39662e-26,97.22,181188925
TRP-AGG1-1,"Homo sapiens chromosome 17, GRCh38.p14 Primary Assembly",Homo sapiens,122.999,122.999,100.00%,1.39662e-26,97.22,8222904
TRP-AGG1-1,"Homo sapiens chromosome 4, GRCh38.p14 Primary Assembly",Homo sapiens,71.293,71.293,52.78%,5.13089e-11,52.78,19057482
tRNA-Thr-CGT-5-1,"Homo sapiens chromosome 6, GRCh38.p14 Primary Assembly",Homo sapiens,137.772,137.772,100.00%,5.20941e-31,100.00,27618356
tRNA-Ile-AAT-12-1,"Homo sapiens chromosome 6, GRCh38.p14 Primary Assembly",Homo sapiens,137.772,1269.8891,100.00%,5.20941e-31,100.00,57800211
tRNA-Ile-AAT-12-1,"Homo sapiens chromosome 14, GRCh38.p14 Primary Assembly",Homo sapiens,117.459,117.459,89.19%,6.78664e-25,87.84,102317092
tRNA-Ile-AAT-12-1,"Homo sapiens chromosome 17, GRCh38.p14 Primary Assembly",Homo sapiens,117.459,229.378,89.19%,6.78664e-25,87.84,8187593
TRM-CAT3-2,"Homo sapiens chromosome 6, GRCh38.p14 Primary Assembly",Homo sapiens,135.926,869.5026,100.00%,1.83377e-30,100.00,28944575
TRM-CAT3-2,"Homo sapiens chromosome 16, GRCh38.p14 Primary Assembly",Homo sapiens,110.073,218.29899999999998,100.00%,1.11148e-22,93.15,71426495
TRM-CAT3-2,"Homo sapiens chromosome 8, GRCh38.p14 Primary Assembly",Homo sapiens,102.686,102.686,100.00%,1.8599e-20,91.78,123157302
TRM-CAT3-2,"Homo sapiens chromosome X, GRCh38.p14 Primary Assembly",Homo sapiens,73.1396,73.1396,67.12%,1.45828e-11,63.01,12217414
TRM-CAT3-2,"Homo sapiens chromosome 18, GRCh38.p14 Primary Assembly",Homo sapiens,62.0597,62.0597,73.97%,3.15662e-08,64.38,71667440
SNAR-G2,"Homo sapiens chromosome 19, GRCh38.p14 Primary Assembly",Homo sapiens,220.872,220.872,100.00%,9.73575e-56,100.00,49031669
TRG-CCC5-1,"Homo sapiens chromosome 1, GRCh38.p14 Primary Assembly",Homo sapiens,132.232,363.45799999999997,100.00%,2.269e-29,100.00,16727285
tRNA-Lys-TTT-6-1,"Homo sapiens chromosome 6, GRCh38.p14 Primary Assembly",Homo sapiens,135.926,374.538,100.00%,1.83377e-30,100.00,27334990
tRNA-Lys-TTT-6-1,"Homo sapiens chromosome 11, GRCh38.p14 Primary Assembly",Homo sapiens,119.306,341.298,100.00%,1.84679e-25,95.89,122560019
tRNA-Lys-TTT-6-1,"Homo sapiens chromosome 16, GRCh38.p14 Primary Assembly",Homo sapiens,117.459,117.459,98.63%,6.64224e-25,94.52,73478318
tRNA-Lys-TTT-6-1,"Homo sapiens chromosome 1, GRCh38.p14 Primary Assembly",Homo sapiens,113.766,322.83140000000003,100.00%,8.59228e-24,94.52,204506599
tRNA-Lys-TTT-6-1,"Homo sapiens chromosome 17, GRCh38.p14 Primary Assembly",Homo sapiens,113.766,113.766,100.00%,8.59228e-24,94.52,8119227
tRNA-Lys-TTT-6-1,"Homo sapiens chromosome 14, GRCh38.p14 Primary Assembly",Homo sapiens,93.4528,93.4528,80.82%,1.11937e-17,76.71,73588832
tRNA-Lys-TTT-6-1,"Homo sapiens chromosome 12, GRCh38.p14 Primary Assembly",Homo sapiens,89.7595,89.7595,78.08%,1.448e-16,73.97,27690436
lnc-SLCO4A1-8,"Homo sapiens chromosome 20, GRCh38.p14 Primary Assembly",Homo sapiens,1085.1,1085.1,100.00%,0,100.00,62550452
TRA-TGC4-1,"Homo sapiens chromosome 12, GRCh38.p14 Primary Assembly",Homo sapiens,134.079,257.078,100.00%,6.45204e-30,100.00,124939966
TRA-TGC4-1,"Homo sapiens chromosome 5, GRCh38.p14 Primary Assembly",Homo sapiens,122.999,122.999,100.00%,1.39662e-26,97.22,181206868
TRA-TGC4-1,"Homo sapiens chromosome 6, GRCh38.p14 Primary Assembly",Homo sapiens,117.459,748.3468,100.00%,6.49784e-25,95.83,28643445
tRNA-Ala-CGC-3-1,"Homo sapiens chromosome 2, GRCh38.p14 Primary Assembly",Homo sapiens,134.079,134.079,100.00%,6.45204e-30,100.00,156400769
tRNA-Met-CAT-6-1,"Homo sapiens chromosome 16, GRCh38.p14 Primary Assembly",Homo sapiens,135.926,234.9187,100.00%,1.83377e-30,100.00,87384022
tRNA-Met-CAT-6-1,"Homo sapiens chromosome 8, GRCh38.p14 Primary Assembly",Homo sapiens,124.846,124.846,100.00%,3.96942e-27,97.26,123157230
tRNA-Met-CAT-6-1,"Homo sapiens chromosome 6, GRCh38.p14 Primary Assembly",Homo sapiens,108.226,755.0089000000002,100.00%,3.9976e-22,93.15,28944647
tRNA-Met-CAT-6-1,"Homo sapiens chromosome X, GRCh38.p14 Primary Assembly",Homo sapiens,67.5997,67.5997,63.01%,6.78472e-10,58.90,12217460
RNU5D-1,"Homo sapiens chromosome 1, GRCh38.p14 Primary Assembly",Homo sapiens,185.785,855.4540000000001,100.00%,2.849e-45,100.00,44731069
RNU5D-1,"Homo sapiens chromosome 15, GRCh38.p14 Primary Assembly",Homo sapiens,124.846,238.61200000000002,97.00%,6.29929e-27,87.00,65304776
RNU5D-1,"Homo sapiens chromosome 9, GRCh38.p14 Primary Assembly",Homo sapiens,108.226,108.226,61.00%,6.34402e-22,60.00,132421690
RNU5D-1,"Homo sapiens chromosome 22, GRCh38.p14 Primary Assembly",Homo sapiens,87.9128,87.9128,64.00%,8.26477e-16,59.00,29910788
RNU5D-1,"Homo sapiens chromosome 4, GRCh38.p14 Primary Assembly",Homo sapiens,86.0662,168.4391,50.00%,2.97254e-15,48.00,55028914
TRK-TTT4-1,"Homo sapiens chromosome 6, GRCh38.p14 Primary Assembly",Homo sapiens,135.926,385.618,100.00%,1.83377e-30,100.00,27591814
TRK-TTT4-1,"Homo sapiens chromosome 11, GRCh38.p14 Primary Assembly",Homo sapiens,130.386,374.538,100.00%,8.53171e-29,98.63,122560019
TRK-TTT4-1,"Homo sapiens chromosome 16, GRCh38.p14 Primary Assembly",Homo sapiens,128.539,128.539,98.63%,3.06855e-28,97.26,73478318
TRK-TTT4-1,"Homo sapiens chromosome 1, GRCh38.p14 Primary Assembly",Homo sapiens,124.846,350.531,100.00%,3.96942e-27,97.26,204506599
TRK-TTT4-1,"Homo sapiens chromosome 17, GRCh38.p14 Primary Assembly",Homo sapiens,124.846,124.846,100.00%,3.96942e-27,97.26,8119227
TRK-TTT4-1,"Homo sapiens chromosome 14, GRCh38.p14 Primary Assembly",Homo sapiens,100.839,100.839,86.30%,6.6894e-20,82.19,73588830
TRK-TTT4-1,"Homo sapiens chromosome 12, GRCh38.p14 Primary Assembly",Homo sapiens,93.4528,93.4528,80.82%,1.11937e-17,76.71,27690436
TRT-TGT5-1,"Homo sapiens chromosome 14, GRCh38.p14 Primary Assembly",Homo sapiens,135.926,374.538,100.00%,1.83377e-30,100.00,20681690
TRT-TGT5-1,"Homo sapiens chromosome 5, GRCh38.p14 Primary Assembly",Homo sapiens,117.459,117.459,91.78%,6.64224e-25,90.41,181191752
TRT-TGT5-1,"Homo sapiens chromosome 1, GRCh38.p14 Primary Assembly",Homo sapiens,102.686,102.686,100.00%,1.8599e-20,91.78,222465005
TRT-TGT5-1,"Homo sapiens chromosome 12, GRCh38.p14 Primary Assembly",Homo sapiens,63.9064,63.9064,46.58%,8.77659e-09,46.58,7759540
TRT-TGT5-1,"Homo sapiens chromosome 8, GRCh38.p14 Primary Assembly",Homo sapiens,62.0597,62.0597,45.21%,3.15662e-08,45.21,73799413
TRT-TGT5-1,"Homo sapiens chromosome 3, GRCh38.p14 Primary Assembly",Homo sapiens,58.3664,58.3664,42.47%,4.08335e-07,42.47,89908216
TRT-TGT5-1,"Homo sapiens chromosome 18, GRCh38.p14 Primary Assembly",Homo sapiens,56.5198,56.5198,41.10%,1.46863e-06,41.10,56398030
TRV,"Homo sapiens chromosome 5, GRCh38.p14 Primary Assembly",Homo sapiens,135.926,1026.4679999999998,100.00%,1.83377e-30,100.00,181188416
TRV,"Homo sapiens chromosome 3, GRCh38.p14 Primary Assembly",Homo sapiens,130.386,130.386,100.00%,8.53171e-29,98.63,169772302
TRV,"Homo sapiens chromosome 6, GRCh38.p14 Primary Assembly",Homo sapiens,130.386,712.1429999999999,100.00%,8.53171e-29,98.63,27753400
TRV,"Homo sapiens chromosome 1, GRCh38.p14 Primary Assembly",Homo sapiens,124.846,374.538,100.00%,3.96942e-27,97.26,121020729
tRNA-Lys-TTT-1-1,"Homo sapiens chromosome 16, GRCh38.p14 Primary Assembly",Homo sapiens,135.926,135.926,100.00%,1.83377e-30,100.00,73478317
tRNA-Lys-TTT-1-1,"Homo sapiens chromosome 11, GRCh38.p14 Primary Assembly",Homo sapiens,134.079,363.457,98.63%,6.59541e-30,98.63,122560018
tRNA-Lys-TTT-1-1,"Homo sapiens chromosome 6, GRCh38.p14 Primary Assembly",Homo sapiens,128.539,363.457,98.63%,3.06855e-28,97.26,27591815
tRNA-Lys-TTT-1-1,"Homo sapiens chromosome 1, GRCh38.p14 Primary Assembly",Homo sapiens,117.459,337.60400000000004,100.00%,6.64224e-25,94.52,204506598
tRNA-Lys-TTT-1-1,"Homo sapiens chromosome 17, GRCh38.p14 Primary Assembly",Homo sapiens,117.459,117.459,98.63%,6.64224e-25,94.52,8119226
tRNA-Lys-TTT-1-1,"Homo sapiens chromosome 14, GRCh38.p14 Primary Assembly",Homo sapiens,106.379,106.379,86.30%,1.43779e-21,83.56,73588830
tRNA-Lys-TTT-1-1,"Homo sapiens chromosome 12, GRCh38.p14 Primary Assembly",Homo sapiens,87.9128,87.9128,80.82%,5.20793e-16,75.34,27690436
SNAR-G1,"Homo sapiens chromosome 19, GRCh38.p14 Primary Assembly",Homo sapiens,237.491,380.803,100.00%,1.06232e-60,100.00,49037020
tRNA-Glu-TTC-4-1,"Homo sapiens chromosome 1, GRCh38.p14 Primary Assembly",Homo sapiens,134.079,1948.0647000000001,100.00%,6.45204e-30,100.00,16535279
tRNA-Glu-TTC-4-1,"Homo sapiens chromosome 1 unlocalized genomic scaffold, GRCh38.p14 Primary Assembly HSCHR1_CTG8_UNLOCALIZED",Homo sapiens,128.539,128.539,100.00%,3.00184e-28,98.61,31635
tRNA-Glu-TTC-4-1,"Homo sapiens chromosome 6, GRCh38.p14 Primary Assembly",Homo sapiens,122.999,245.998,100.00%,1.39662e-26,97.22,28982270
tRNA-Gly-GCC-2-4,"Homo sapiens chromosome 1, GRCh38.p14 Primary Assembly",Homo sapiens,132.232,1003.5825000000002,100.00%,2.269e-29,100.00,161523847
tRNA-Gly-GCC-2-4,"Homo sapiens chromosome 2, GRCh38.p14 Primary Assembly",Homo sapiens,132.232,205.3716,100.00%,2.269e-29,100.00,156401147
tRNA-Gly-GCC-2-4,"Homo sapiens chromosome 6, GRCh38.p14 Primary Assembly",Homo sapiens,132.232,132.232,100.00%,2.269e-29,100.00,27902908
tRNA-Gly-GCC-2-4,"Homo sapiens chromosome 16, GRCh38.p14 Primary Assembly",Homo sapiens,132.232,490.15000000000003,100.00%,2.269e-29,100.00,70779039
tRNA-Gly-GCC-2-4,"Homo sapiens chromosome 17, GRCh38.p14 Primary Assembly",Homo sapiens,132.232,132.232,100.00%,2.269e-29,100.00,8125816
tRNA-Gly-GCC-2-4,"Homo sapiens chromosome 21, GRCh38.p14 Primary Assembly",Homo sapiens,121.153,121.153,100.00%,4.91151e-26,97.18,17454789
tRNA-Gly-GCC-2-4,"Homo sapiens chromosome 5, GRCh38.p14 Primary Assembly",Homo sapiens,69.4463,69.4463,52.11%,1.80439e-10,52.11,86372850
tRNA-Gly-GCC-2-4,"Homo sapiens chromosome 3, GRCh38.p14 Primary Assembly",Homo sapiens,63.9064,63.9064,52.11%,8.395e-09,50.70,15508028
tRNA-Gly-GCC-2-4,"Homo sapiens chromosome 4, GRCh38.p14 Primary Assembly",Homo sapiens,58.3664,58.3664,47.89%,3.90581e-07,46.48,100768605
tRNA-Gly-GCC-2-4,"Homo sapiens chromosome 19, GRCh38.p14 Primary Assembly",Homo sapiens,58.3664,58.3664,43.66%,3.90581e-07,43.66,8683404
tRNA-Gly-GCC-2-4,"Homo sapiens chromosome X, GRCh38.p14 Primary Assembly",Homo sapiens,52.8265,52.8265,39.44%,1.8172e-05,39.44,65017959
TRA-AGC1-1,"Homo sapiens chromosome 6, GRCh38.p14 Primary Assembly",Homo sapiens,134.079,766.8129999999999,100.00%,6.45204e-30,100.00,28795964
TRM-CAT2-1,"Homo sapiens chromosome 16, GRCh38.p14 Primary Assembly",Homo sapiens,135.926,234.9187,100.00%,1.83377e-30,100.00,71426493
TRM-CAT2-1,"Homo sapiens chromosome 6, GRCh38.p14 Primary Assembly",Homo sapiens,130.386,950.7549999999999,100.00%,8.53171e-29,98.63,26735442
TRM-CAT2-1,"Homo sapiens chromosome 8, GRCh38.p14 Primary Assembly",Homo sapiens,87.9128,87.9128,98.63%,5.20793e-16,87.67,123157301
TRM-CAT2-1,"Homo sapiens chromosome X, GRCh38.p14 Primary Assembly",Homo sapiens,82.3729,164.7458,68.49%,2.42302e-14,65.75,12217413
TRM-CAT2-1,"Homo sapiens chromosome 18, GRCh38.p14 Primary Assembly",Homo sapiens,54.6731,54.6731,39.73%,5.28215e-06,39.73,71667415
TRF-GAA1-4,"Homo sapiens chromosome 6, GRCh38.p14 Primary Assembly",Homo sapiens,135.926,728.7624,100.00%,1.83377e-30,100.00,28790722
TRF-GAA1-4,"Homo sapiens chromosome 11, GRCh38.p14 Primary Assembly",Homo sapiens,135.926,266.312,100.00%,1.83377e-30,100.00,59557497
TRF-GAA1-4,"Homo sapiens chromosome 12, GRCh38.p14 Primary Assembly",Homo sapiens,135.926,207.219,100.00%,1.83377e-30,100.00,124927843
TRF-GAA1-4,"Homo sapiens chromosome 13, GRCh38.p14 Primary Assembly",Homo sapiens,135.926,135.926,100.00%,1.83377e-30,100.00,94549650
TRF-GAA1-4,"Homo sapiens chromosome 19, GRCh38.p14 Primary Assembly",Homo sapiens,135.926,135.926,100.00%,1.83377e-30,100.00,1383362
TRF-GAA1-4,"Homo sapiens chromosome 18, GRCh38.p14 Primary Assembly",Homo sapiens,97.1461,97.1461,79.45%,8.65328e-19,76.71,62444207
TRF-GAA1-4,"Homo sapiens chromosome 1, GRCh38.p14 Primary Assembly",Homo sapiens,67.5997,67.5997,49.32%,6.78472e-10,49.32,233807836
TRR-TCG3-1,"Homo sapiens chromosome 17, GRCh38.p14 Primary Assembly",Homo sapiens,135.926,135.926,100.00%,1.83377e-30,100.00,75035113
TRR-TCG3-1,"Homo sapiens chromosome 6, GRCh38.p14 Primary Assembly",Homo sapiens,121.153,600.225,97.26%,5.13477e-26,94.52,26299677
TRR-TCG3-1,"Homo sapiens chromosome 16, GRCh38.p14 Primary Assembly",Homo sapiens,121.153,121.153,97.26%,5.13477e-26,94.52,3150676
TRR-TCG3-1,"Homo sapiens chromosome 15, GRCh38.p14 Primary Assembly",Homo sapiens,100.839,100.839,82.19%,6.6894e-20,79.45,89335075
TRR-TCG3-1,"Homo sapiens chromosome 9, GRCh38.p14 Primary Assembly",Homo sapiens,80.5262,80.5262,79.45%,8.71472e-14,72.60,110198525
tRNA-Val-CAC-1-3,"Homo sapiens chromosome 1, GRCh38.p14 Primary Assembly",Homo sapiens,135.926,651.93,100.00%,1.83377e-30,100.00,121020729
tRNA-Val-CAC-1-3,"Homo sapiens chromosome 5, GRCh38.p14 Primary Assembly",Homo sapiens,135.926,1059.7079999999999,100.00%,1.83377e-30,100.00,181097142
tRNA-Val-CAC-1-3,"Homo sapiens chromosome 6, GRCh38.p14 Primary Assembly",Homo sapiens,135.926,853.609,100.00%,1.83377e-30,100.00,26538126
tRNA-Val-CAC-1-3,"Homo sapiens chromosome 3, GRCh38.p14 Primary Assembly",Homo sapiens,130.386,130.386,100.00%,8.53171e-29,98.63,169772302
tRNA-Val-CAC-1-3,"Homo sapiens chromosome 19, GRCh38.p14 Primary Assembly",Homo sapiens,113.766,113.766,100.00%,8.59228e-24,94.52,4724635
tRNA-Val-CAC-1-3,"Homo sapiens chromosome 11, GRCh38.p14 Primary Assembly",Homo sapiens,69.4463,69.4463,50.68%,1.8864e-10,50.68,44762917
tRNA-Val-CAC-1-3,"Homo sapiens chromosome 2, GRCh38.p14 Primary Assembly",Homo sapiens,65.753,65.753,52.05%,2.44022e-09,50.68,47280756
tRNA-Val-CAC-1-3,"Homo sapiens chromosome X, GRCh38.p14 Primary Assembly",Homo sapiens,58.3664,58.3664,50.68%,4.08335e-07,47.95,10285744
BLACE,"Homo sapiens chromosome 7, GRCh38.p14 Primary Assembly",Homo sapiens,231.952,27094.974800000065,100.00%,4.79422e-59,100.00,155367809
BLACE,"Homo sapiens chromosome 1, GRCh38.p14 Primary Assembly",Homo sapiens,226.412,57642.25229999983,100.00%,2.23054e-57,99.20,143637945
BLACE,"Homo sapiens chromosome 17, GRCh38.p14 Primary Assembly",Homo sapiens,226.412,23119.370900000027,100.00%,2.23054e-57,99.20,2447492
BLACE,"Homo sapiens chromosome 2, GRCh38.p14 Primary Assembly",Homo sapiens,220.872,46605.61579999992,100.00%,1.03777e-55,99.20,222897069
BLACE,"Homo sapiens chromosome 4, GRCh38.p14 Primary Assembly",Homo sapiens,220.872,21460.289600000047,100.00%,1.03777e-55,98.40,76916963
BLACE,"Homo sapiens chromosome 8, GRCh38.p14 Primary Assembly",Homo sapiens,220.872,18847.697600000025,100.00%,1.03777e-55,98.40,30247028
BLACE,"Homo sapiens chromosome 16, GRCh38.p14 Primary Assembly",Homo sapiens,220.872,16661.80580000001,100.00%,1.03777e-55,98.40,70051196
BLACE,"Homo sapiens chromosome X, GRCh38.p14 Primary Assembly",Homo sapiens,220.872,25683.94860000003,100.00%,1.03777e-55,98.40,29334421
BLACE,"Homo sapiens chromosome 3, GRCh38.p14 Primary Assembly",Homo sapiens,217.178,36551.53359999989,100.00%,1.34244e-54,99.20,183608210
BLACE,"Homo sapiens chromosome 12, GRCh38.p14 Primary Assembly",Homo sapiens,215.332,23547.189700000028,100.00%,4.82826e-54,98.40,26785216
BLACE,"Homo sapiens chromosome 14, GRCh38.p14 Primary Assembly",Homo sapiens,215.332,20244.611900000018,100.00%,4.82826e-54,98.40,20506227
BLACE,"Homo sapiens chromosome 15, GRCh38.p14 Primary Assembly",Homo sapiens,215.332,19697.617900000012,100.00%,4.82826e-54,97.60,60366718
BLACE,"Homo sapiens chromosome 20, GRCh38.p14 Primary Assembly",Homo sapiens,215.332,18925.25740000002,100.00%,4.82826e-54,97.60,2823979
BLACE,"Homo sapiens chromosome 22, GRCh38.p14 Primary Assembly",Homo sapiens,215.332,10358.512900000009,100.00%,4.82826e-54,98.40,31027192
BLACE,"Homo sapiens chromosome 6, GRCh38.p14 Primary Assembly",Homo sapiens,209.792,33678.104400000026,100.00%,2.24637e-52,97.60,5037910
BLACE,"Homo sapiens chromosome 19, GRCh38.p14 Primary Assembly",Homo sapiens,209.792,23146.736900000036,100.00%,2.24637e-52,96.80,21721258
BLACE,"Homo sapiens chromosome 5, GRCh38.p14 Primary Assembly",Homo sapiens,207.945,30393.33420000003,100.00%,8.07939e-52,96.80,43088267
BLACE,"Homo sapiens chromosome 11, GRCh38.p14 Primary Assembly",Homo sapiens,206.098,28243.25720000005,100.00%,2.90586e-51,97.60,8978287
BLACE,"Homo sapiens chromosome 10, GRCh38.p14 Primary Assembly",Homo sapiens,204.252,25107.78930000003,100.00%,1.04513e-50,96.00,69992977
BLACE,"Homo sapiens chromosome 13, GRCh38.p14 Primary Assembly",Homo sapiens,204.252,14259.403200000004,100.00%,1.04513e-50,96.80,45485376
BLACE,"Homo sapiens chromosome 9, GRCh38.p14 Primary Assembly",Homo sapiens,202.405,24986.571800000034,100.00%,3.75897e-50,97.60,92831559
BLACE,"Homo sapiens chromosome 18, GRCh38.p14 Primary Assembly",Homo sapiens,193.172,7479.734299999996,100.00%,2.26232e-47,94.40,49080607
BLACE,"Homo sapiens chromosome 21, GRCh38.p14 Primary Assembly",Homo sapiens,191.325,4563.898699999996,100.00%,8.13675e-47,94.40,45268854
BLACE,"Homo sapiens chromosome Y, GRCh38.p14 Primary Assembly",Homo sapiens,185.785,1224.4524000000001,100.00%,3.78566e-45,93.60,1235675
BLACE,"Homo sapiens unplaced genomic scaffold, GRCh38.p14 Primary Assembly HSCHRUN_RANDOM_CTG21",Homo sapiens,172.859,236.7654,100.00%,2.94727e-41,92.00,71764
BLACE,"Homo sapiens unplaced genomic scaffold, GRCh38.p14 Primary Assembly HSCHRUN_RANDOM_146",Homo sapiens,147.006,322.8316,88.00%,1.78639e-33,80.00,238
BLACE,"Homo sapiens unplaced genomic scaffold, GRCh38.p14 Primary Assembly HSCHRUN_RANDOM_CTG11",Homo sapiens,115.613,295.132,100.00%,5.03762e-24,91.20,68225
BLACE,"Homo sapiens chromosome 22 unlocalized genomic scaffold, GRCh38.p14 Primary Assembly HSCHR22_UNLOCALIZED_CTG3",Homo sapiens,110.073,175.826,100.00%,2.34378e-22,90.40,84990
TRA-CGC2-1,"Homo sapiens chromosome 6, GRCh38.p14 Primary Assembly",Homo sapiens,134.079,581.7555,100.00%,6.45204e-30,100.00,28673836
TRA-CGC2-1,"Homo sapiens chromosome 5, GRCh38.p14 Primary Assembly",Homo sapiens,128.539,128.539,100.00%,3.00184e-28,98.61,181206939
TRA-CGC2-1,"Homo sapiens chromosome 12, GRCh38.p14 Primary Assembly",Homo sapiens,128.539,245.998,100.00%,3.00184e-28,98.61,124921755
TRA-AGC15-1,"Homo sapiens chromosome 14, GRCh38.p14 Primary Assembly",Homo sapiens,135.926,135.926,100.00%,1.83377e-30,100.00,88979098
TRA-AGC15-1,"Homo sapiens chromosome 6, GRCh38.p14 Primary Assembly",Homo sapiens,124.846,1275.433,100.00%,3.96942e-27,97.26,26571936
TRA-AGC15-1,"Homo sapiens chromosome 2, GRCh38.p14 Primary Assembly",Homo sapiens,113.766,113.766,100.00%,8.59228e-24,94.52,27051214
TRA-AGC15-1,"Homo sapiens chromosome 8, GRCh38.p14 Primary Assembly",Homo sapiens,113.766,113.766,100.00%,8.59228e-24,94.52,66114189
tRNA-Asp-GTC-1-1,"Homo sapiens chromosome 12, GRCh38.p14 Primary Assembly",Homo sapiens,134.079,503.076,100.00%,6.45204e-30,100.00,98503503
tRNA-Asp-GTC-1-1,"Homo sapiens chromosome 1, GRCh38.p14 Primary Assembly",Homo sapiens,122.999,614.995,100.00%,1.39662e-26,97.22,161440896
tRNA-Asp-GTC-1-1,"Homo sapiens chromosome 6, GRCh38.p14 Primary Assembly",Homo sapiens,122.999,245.998,100.00%,1.39662e-26,97.22,27479674
tRNA-Asp-GTC-1-1,"Homo sapiens chromosome 17, GRCh38.p14 Primary Assembly",Homo sapiens,122.999,122.999,100.00%,1.39662e-26,97.22,8222309
SNAR-C4,"Homo sapiens chromosome 19, GRCh38.p14 Primary Assembly",Homo sapiens,222.718,1685.7199999999998,100.00%,2.73665e-56,100.00,47939541
SNAR-C4,"Homo sapiens chromosome 21, GRCh38.p14 Primary Assembly",Homo sapiens,78.6796,78.6796,42.50%,6.26874e-13,40.00,24738283
SNAR-C4,"Homo sapiens chromosome 7, GRCh38.p14 Primary Assembly",Homo sapiens,76.8329,76.8329,41.67%,2.25464e-12,39.17,26047513
SNORD118,"Homo sapiens chromosome 17, GRCh38.p14 Primary Assembly",Homo sapiens,254.111,254.111,100.00%,1.14977e-65,100.00,8173452
SNORD118,"Homo sapiens chromosome 11, GRCh38.p14 Primary Assembly",Homo sapiens,182.092,182.092,98.54%,5.50288e-44,89.78,123301525
SNORD118,"Homo sapiens chromosome 9, GRCh38.p14 Primary Assembly",Homo sapiens,174.705,174.705,95.62%,9.20827e-42,86.86,38147563
SNORD118,"Homo sapiens chromosome 2, GRCh38.p14 Primary Assembly",Homo sapiens,154.392,154.392,100.00%,1.19962e-35,87.59,86347060
SNORD118,"Homo sapiens chromosome 18, GRCh38.p14 Primary Assembly",Homo sapiens,141.466,141.466,100.00%,9.33948e-32,86.13,58818882
TRT-AGT1-2,"Homo sapiens chromosome 17, GRCh38.p14 Primary Assembly",Homo sapiens,137.772,407.77599999999995,100.00%,5.20941e-31,100.00,8187160
TRT-AGT1-2,"Homo sapiens chromosome 19, GRCh38.p14 Primary Assembly",Homo sapiens,137.772,137.772,100.00%,5.20941e-31,100.00,33177057
TRT-AGT1-2,"Homo sapiens chromosome 6, GRCh38.p14 Primary Assembly",Homo sapiens,121.153,794.5169999999999,100.00%,5.24639e-26,95.95,26532990
TRC-GCA4-1,"Homo sapiens chromosome 17, GRCh38.p14 Primary Assembly",Homo sapiens,134.079,609.4554999999999,100.00%,6.45204e-30,100.00,38869292
TRC-GCA4-1,"Homo sapiens chromosome 4, GRCh38.p14 Primary Assembly",Homo sapiens,128.539,128.539,100.00%,3.00184e-28,98.61,123508850
TRC-GCA4-1,"Homo sapiens chromosome 1, GRCh38.p14 Primary Assembly",Homo sapiens,122.999,122.999,100.00%,1.39662e-26,98.61,93516277
TRC-GCA4-1,"Homo sapiens chromosome 3, GRCh38.p14 Primary Assembly",Homo sapiens,122.999,337.6041,100.00%,1.39662e-26,97.22,132229100
TRC-GCA4-1,"Homo sapiens chromosome 7, GRCh38.p14 Primary Assembly",Homo sapiens,122.999,1730.4930000000002,100.00%,1.39662e-26,97.22,149310261
TRC-GCA4-1,"Homo sapiens chromosome 14, GRCh38.p14 Primary Assembly",Homo sapiens,122.999,122.999,100.00%,1.39662e-26,97.22,72963042
TRC-GCA4-1,"Homo sapiens chromosome 15, GRCh38.p14 Primary Assembly",Homo sapiens,122.999,122.999,100.00%,1.39662e-26,98.61,79744727
TRC-GCA4-1,"Homo sapiens chromosome 5, GRCh38.p14 Primary Assembly",Homo sapiens,74.9863,131.5061,55.56%,3.96642e-12,55.56,132180819
TRC-GCA4-1,"Homo sapiens chromosome 19, GRCh38.p14 Primary Assembly",Homo sapiens,65.753,65.753,62.50%,2.38717e-09,58.33,36047100
TRC-GCA4-1,"Homo sapiens chromosome 2, GRCh38.p14 Primary Assembly",Homo sapiens,63.9064,63.9064,47.22%,8.58579e-09,47.22,128330269
TRC-GCA4-1,"Homo sapiens chromosome 9, GRCh38.p14 Primary Assembly",Homo sapiens,60.2131,60.2131,44.44%,1.11064e-07,44.44,95307751
tRNA-Arg-TCG-4-1,"Homo sapiens chromosome 6, GRCh38.p14 Primary Assembly",Homo sapiens,135.926,400.39099999999996,100.00%,1.83377e-30,100.00,26299677
tRNA-Arg-TCG-4-1,"Homo sapiens chromosome 17, GRCh38.p14 Primary Assembly",Homo sapiens,121.153,121.153,97.26%,5.13477e-26,94.52,75035113
tRNA-Arg-TCG-4-1,"Homo sapiens chromosome 15, GRCh38.p14 Primary Assembly",Homo sapiens,89.7595,89.7595,82.19%,1.448e-16,76.71,89335075
tRNA-Arg-TCG-4-1,"Homo sapiens chromosome 9, GRCh38.p14 Primary Assembly",Homo sapiens,74.9863,74.9863,64.38%,4.05456e-12,61.64,110198529
tRNA-Arg-ACG-1-2,"Homo sapiens chromosome 6, GRCh38.p14 Primary Assembly",Homo sapiens,135.926,754.6160999999998,100.00%,1.83377e-30,100.00,26328140
tRNA-Arg-ACG-1-2,"Homo sapiens chromosome 14, GRCh38.p14 Primary Assembly",Homo sapiens,135.926,135.926,100.00%,1.83377e-30,100.00,22929701
tRNA-Arg-ACG-1-2,"Homo sapiens chromosome 3, GRCh38.p14 Primary Assembly",Homo sapiens,130.386,130.386,100.00%,8.53171e-29,98.63,45689071
tRNA-Arg-ACG-1-2,"Homo sapiens chromosome 4, GRCh38.p14 Primary Assembly",Homo sapiens,91.6061,151.8192,67.12%,4.02598e-17,67.12,139157889
tRNA-Arg-ACG-1-2,"Homo sapiens chromosome 5, GRCh38.p14 Primary Assembly",Homo sapiens,86.0662,86.0662,63.01%,1.87311e-15,63.01,105370135
tRNA-Arg-ACG-1-2,"Homo sapiens chromosome 15, GRCh38.p14 Primary Assembly",Homo sapiens,84.2195,84.2195,61.64%,6.73689e-15,61.64,26412408
tRNA-Arg-ACG-1-2,"Homo sapiens chromosome 7, GRCh38.p14 Primary Assembly",Homo sapiens,73.1396,73.1396,57.53%,1.45828e-11,56.16,22286110
tRNA-Arg-ACG-1-2,"Homo sapiens chromosome 9, GRCh38.p14 Primary Assembly",Homo sapiens,62.0597,122.27279999999999,52.05%,3.15662e-08,49.32,65651431
tRNA-Arg-ACG-1-2,"Homo sapiens chromosome 9 unlocalized genomic scaffold, GRCh38.p14 Primary Assembly HSCHR9_UNLOCALIZED_CTG2",Homo sapiens,60.2131,60.2131,56.16%,1.13532e-07,52.05,24730
TRV-CAC1-5,"Homo sapiens chromosome 1, GRCh38.p14 Primary Assembly",Homo sapiens,135.926,646.39,100.00%,1.83377e-30,100.00,143803994
TRV-CAC1-5,"Homo sapiens chromosome 5, GRCh38.p14 Primary Assembly",Homo sapiens,130.386,896.082,100.00%,8.53171e-29,98.63,181097142
TRV-CAC1-5,"Homo sapiens chromosome 6, GRCh38.p14 Primary Assembly",Homo sapiens,130.386,814.8290000000001,100.00%,8.53171e-29,98.63,26538126
TRV-CAC1-5,"Homo sapiens chromosome 3, GRCh38.p14 Primary Assembly",Homo sapiens,124.846,124.846,100.00%,3.96942e-27,97.26,169772302
TRV-CAC1-5,"Homo sapiens chromosome 19, GRCh38.p14 Primary Assembly",Homo sapiens,108.226,108.226,100.00%,3.9976e-22,93.15,4724635
TRV-CAC1-5,"Homo sapiens chromosome 11, GRCh38.p14 Primary Assembly",Homo sapiens,69.4463,69.4463,50.68%,1.8864e-10,50.68,44762917
TRV-CAC1-5,"Homo sapiens chromosome 2, GRCh38.p14 Primary Assembly",Homo sapiens,65.753,65.753,52.05%,2.44022e-09,50.68,47280756
TRV-CAC1-5,"Homo sapiens chromosome X, GRCh38.p14 Primary Assembly",Homo sapiens,58.3664,58.3664,50.68%,4.08335e-07,47.95,10285744
TRS-AGA2-6,"Homo sapiens chromosome 6, GRCh38.p14 Primary Assembly",Homo sapiens,152.546,1436.8199999999997,100.00%,2.1771e-35,100.00,26312596
TRS-AGA2-6,"Homo sapiens chromosome 8, GRCh38.p14 Primary Assembly",Homo sapiens,147.006,147.006,100.00%,1.0129e-33,98.78,95269657
TRS-AGA2-6,"Homo sapiens chromosome 17, GRCh38.p14 Primary Assembly",Homo sapiens,147.006,255.232,100.00%,1.0129e-33,98.78,8226610
TRG-TCC1-1,"Homo sapiens chromosome 19, GRCh38.p14 Primary Assembly",Homo sapiens,134.079,134.079,100.00%,6.45204e-30,100.00,4724070
TRG-TCC1-1,"Homo sapiens chromosome 1, GRCh38.p14 Primary Assembly",Homo sapiens,128.539,771.2339999999999,100.00%,3.00184e-28,98.61,146037061
TRG-TCC1-1,"Homo sapiens chromosome 17, GRCh38.p14 Primary Assembly",Homo sapiens,128.539,128.539,100.00%,3.00184e-28,98.61,8221548
TRG-TCC1-1,"Homo sapiens chromosome 2, GRCh38.p14 Primary Assembly",Homo sapiens,71.293,71.293,52.78%,5.13089e-11,52.78,210932100
TRG-TCC1-1,"Homo sapiens chromosome 10, GRCh38.p14 Primary Assembly",Homo sapiens,69.4463,69.4463,51.39%,1.8454e-10,51.39,17308085
tRNA-Ser-CGA-2-1,"Homo sapiens chromosome 6, GRCh38.p14 Primary Assembly",Homo sapiens,152.546,410.7448,100.00%,2.1771e-35,100.00,27209849
tRNA-Ser-CGA-2-1,"Homo sapiens chromosome 17, GRCh38.p14 Primary Assembly",Homo sapiens,147.006,147.006,100.00%,1.0129e-33,98.78,8138962
tRNA-Ser-CGA-2-1,"Homo sapiens chromosome 10, GRCh38.p14 Primary Assembly",Homo sapiens,115.613,115.613,86.59%,2.85638e-24,82.93,67764508
tRNA-Ser-CGA-2-1,"Homo sapiens chromosome 12, GRCh38.p14 Primary Assembly",Homo sapiens,106.379,106.379,80.49%,1.7191e-21,76.83,56190371
tRNA-Gln-TTG-3-1,"Homo sapiens chromosome 6, GRCh38.p14 Primary Assembly",Homo sapiens,134.079,1196.7537000000002,100.00%,6.45204e-30,100.00,26311196
tRNA-Gln-TTG-3-1,"Homo sapiens chromosome 17, GRCh38.p14 Primary Assembly",Homo sapiens,128.539,244.152,100.00%,3.00184e-28,98.61,49192599
tRNA-Gln-TTG-3-1,"Homo sapiens chromosome 15, GRCh38.p14 Primary Assembly",Homo sapiens,115.613,115.613,94.44%,2.33704e-24,91.67,65869062
TRA-CGC4-1,"Homo sapiens chromosome 6, GRCh38.p14 Primary Assembly",Homo sapiens,134.079,654.8944,100.00%,6.45204e-30,100.00,28729315
tRNA-Ala-CGC-1-1,"Homo sapiens chromosome 6, GRCh38.p14 Primary Assembly",Homo sapiens,134.079,715.8345,100.00%,6.45204e-30,100.00,26553503
tRNA-Ala-CGC-1-1,"Homo sapiens chromosome 5, GRCh38.p14 Primary Assembly",Homo sapiens,122.999,122.999,100.00%,1.39662e-26,97.22,181206868
tRNA-Ala-CGC-1-1,"Homo sapiens chromosome 12, GRCh38.p14 Primary Assembly",Homo sapiens,122.999,234.918,100.00%,1.39662e-26,97.22,124921826
TRI-AAT4-1,"Homo sapiens chromosome 17, GRCh38.p14 Primary Assembly",Homo sapiens,137.772,270.004,100.00%,5.20941e-31,100.00,8226991
TRI-AAT4-1,"Homo sapiens chromosome 6, GRCh38.p14 Primary Assembly",Homo sapiens,132.232,1574.9808,100.00%,2.4237e-29,98.65,26554195
TRI-AAT4-1,"Homo sapiens chromosome 14, GRCh38.p14 Primary Assembly",Homo sapiens,132.232,132.232,100.00%,2.4237e-29,98.65,102317165
TRI-AAT4-1,"Homo sapiens chromosome 10, GRCh38.p14 Primary Assembly",Homo sapiens,67.5997,67.5997,56.76%,6.93221e-10,54.05,72972379
TRI-AAT4-1,"Homo sapiens chromosome 12, GRCh38.p14 Primary Assembly",Homo sapiens,58.3664,58.3664,45.95%,4.17212e-07,44.59,27643076
TRP-TGG2-1,"Homo sapiens chromosome 11, GRCh38.p14 Primary Assembly",Homo sapiens,134.079,251.538,100.00%,6.45204e-30,100.00,76235825
TRP-TGG2-1,"Homo sapiens chromosome 5, GRCh38.p14 Primary Assembly",Homo sapiens,122.999,122.999,100.00%,1.39662e-26,97.22,181188854
TRP-TGG2-1,"Homo sapiens chromosome 14, GRCh38.p14 Primary Assembly",Homo sapiens,122.999,475.37600000000003,100.00%,1.39662e-26,97.22,20684087
TRP-TGG2-1,"Homo sapiens chromosome 16, GRCh38.p14 Primary Assembly",Homo sapiens,122.999,893.5061000000001,100.00%,1.39662e-26,97.22,3158993
TRP-TGG2-1,"Homo sapiens chromosome 1, GRCh38.p14 Primary Assembly",Homo sapiens,117.459,234.918,100.00%,6.49784e-25,95.83,167714796
TRP-TGG2-1,"Homo sapiens chromosome 6, GRCh38.p14 Primary Assembly",Homo sapiens,117.459,229.378,100.00%,6.49784e-25,95.83,26555341
TRP-TGG2-1,"Homo sapiens chromosome 7, GRCh38.p14 Primary Assembly",Homo sapiens,117.459,117.459,100.00%,6.49784e-25,95.83,128783521
TRP-TGG2-1,"Homo sapiens chromosome 17, GRCh38.p14 Primary Assembly",Homo sapiens,117.459,117.459,100.00%,6.49784e-25,95.83,8222833
TRP-TGG2-1,"Homo sapiens chromosome 4, GRCh38.p14 Primary Assembly",Homo sapiens,54.6731,54.6731,40.28%,5.16732e-06,40.28,19057510
FAM30A,"Homo sapiens chromosome 14, GRCh38.p14 Primary Assembly",Homo sapiens,1550.46,3966.6650999999997,100.00%,0,100.00,105917979
FAM30A,"Homo sapiens chromosome 15, GRCh38.p14 Primary Assembly",Homo sapiens,1301.16,2591.24,100.00%,0,94.87,20009643
tRNA-Lys-TTT-5-1,"Homo sapiens chromosome 11, GRCh38.p14 Primary Assembly",Homo sapiens,135.926,380.07800000000003,100.00%,1.83377e-30,100.00,59556429
tRNA-Lys-TTT-5-1,"Homo sapiens chromosome 1, GRCh38.p14 Primary Assembly",Homo sapiens,130.386,367.151,100.00%,8.53171e-29,98.63,204506527
tRNA-Lys-TTT-5-1,"Homo sapiens chromosome 6, GRCh38.p14 Primary Assembly",Homo sapiens,130.386,357.918,100.00%,8.53171e-29,98.63,28951029
tRNA-Lys-TTT-5-1,"Homo sapiens chromosome 17, GRCh38.p14 Primary Assembly",Homo sapiens,130.386,130.386,100.00%,8.53171e-29,98.63,8119155
tRNA-Lys-TTT-5-1,"Homo sapiens chromosome 16, GRCh38.p14 Primary Assembly",Homo sapiens,111.919,111.919,98.63%,3.09033e-23,93.15,73478389
tRNA-Lys-TTT-5-1,"Homo sapiens chromosome 14, GRCh38.p14 Primary Assembly",Homo sapiens,97.1461,97.1461,91.78%,8.65328e-19,84.93,73588896
tRNA-Lys-TTT-5-1,"Homo sapiens chromosome 12, GRCh38.p14 Primary Assembly",Homo sapiens,91.6061,91.6061,95.89%,4.02598e-17,86.30,27690374
tRNA-Val-CAC-3-1,"Homo sapiens chromosome 19, GRCh38.p14 Primary Assembly",Homo sapiens,135.926,135.926,100.00%,1.83377e-30,100.00,4724635
tRNA-Val-CAC-3-1,"Homo sapiens chromosome 1, GRCh38.p14 Primary Assembly",Homo sapiens,113.766,541.1301,100.00%,8.59228e-24,94.52,121020729
tRNA-Val-CAC-3-1,"Homo sapiens chromosome 5, GRCh38.p14 Primary Assembly",Homo sapiens,113.766,455.064,100.00%,8.59228e-24,94.52,181097142
tRNA-Val-CAC-3-1,"Homo sapiens chromosome 6, GRCh38.p14 Primary Assembly",Homo sapiens,113.766,304.36490000000003,100.00%,8.59228e-24,94.52,26538126
RCCD1-AS1,"Homo sapiens chromosome 15, GRCh38.p14 Primary Assembly",Homo sapiens,294.738,33920.05350000004,100.00%,8.14183e-78,100.00,90954335
RCCD1-AS1,"Homo sapiens chromosome 14, GRCh38.p14 Primary Assembly",Homo sapiens,172.859,39969.2362000001,94.34%,3.98034e-41,81.13,26958796
RCCD1-AS1,"Homo sapiens chromosome 3, GRCh38.p14 Primary Assembly",Homo sapiens,171.012,61465.63250000013,92.45%,1.43158e-40,80.50,183796292
RCCD1-AS1,"Homo sapiens chromosome 1, GRCh38.p14 Primary Assembly",Homo sapiens,169.165,98657.92120000062,99.37%,5.14889e-40,79.87,154185405
RCCD1-AS1,"Homo sapiens chromosome 2, GRCh38.p14 Primary Assembly",Homo sapiens,167.319,83304.22190000069,96.23%,1.85187e-39,79.87,171291371
RCCD1-AS1,"Homo sapiens chromosome 16, GRCh38.p14 Primary Assembly",Homo sapiens,167.319,42153.00170000004,94.97%,1.85187e-39,81.13,88932671
RCCD1-AS1,"Homo sapiens chromosome 6, GRCh38.p14 Primary Assembly",Homo sapiens,165.472,59880.905000000086,96.86%,6.66051e-39,81.13,79725447
RCCD1-AS1,"Homo sapiens chromosome 4, GRCh38.p14 Primary Assembly",Homo sapiens,163.625,48906.93500000011,94.97%,2.39555e-38,79.25,184455438
RCCD1-AS1,"Homo sapiens chromosome 17, GRCh38.p14 Primary Assembly",Homo sapiens,159.932,59125.89150000015,92.45%,3.09883e-37,77.99,63986218
RCCD1-AS1,"Homo sapiens chromosome 5, GRCh38.p14 Primary Assembly",Homo sapiens,158.086,54339.73590000021,96.23%,1.11454e-36,78.62,36663532
RCCD1-AS1,"Homo sapiens chromosome 8, GRCh38.p14 Primary Assembly",Homo sapiens,158.086,47707.67700000011,96.23%,1.11454e-36,81.13,33316442
RCCD1-AS1,"Homo sapiens chromosome 9, GRCh38.p14 Primary Assembly",Homo sapiens,158.086,44272.877600000094,96.23%,1.11454e-36,79.87,105094748
RCCD1-AS1,"Homo sapiens chromosome 12, GRCh38.p14 Primary Assembly",Homo sapiens,156.239,53578.39710000025,91.82%,4.0086e-36,77.99,110884997
RCCD1-AS1,"Homo sapiens chromosome 13, GRCh38.p14 Primary Assembly",Homo sapiens,156.239,28167.11720000002,91.19%,4.0086e-36,77.36,80201356
RCCD1-AS1,"Homo sapiens chromosome 21, GRCh38.p14 Primary Assembly",Homo sapiens,156.239,12000.094199999996,93.08%,4.0086e-36,77.99,34563630
RCCD1-AS1,"Homo sapiens chromosome 19, GRCh38.p14 Primary Assembly",Homo sapiens,154.392,57547.60990000019,96.86%,1.44175e-35,80.50,56751490
RCCD1-AS1,"Homo sapiens chromosome 7, GRCh38.p14 Primary Assembly",Homo sapiens,152.546,69881.0141000002,93.08%,5.18545e-35,78.62,102386896
RCCD1-AS1,"Homo sapiens chromosome 10, GRCh38.p14 Primary Assembly",Homo sapiens,152.546,55293.79190000019,95.60%,5.18545e-35,78.62,18242708
RCCD1-AS1,"Homo sapiens chromosome 11, GRCh38.p14 Primary Assembly",Homo sapiens,150.699,45361.0700000001,100.00%,1.86502e-34,79.25,132128643
RCCD1-AS1,"Homo sapiens chromosome X, GRCh38.p14 Primary Assembly",Homo sapiens,150.699,47996.356700000106,92.45%,1.86502e-34,76.73,38544555
RCCD1-AS1,"Homo sapiens chromosome 18, GRCh38.p14 Primary Assembly",Homo sapiens,148.852,23177.646700000034,91.19%,6.7078e-34,77.36,29612584
RCCD1-AS1,"Homo sapiens chromosome 20, GRCh38.p14 Primary Assembly",Homo sapiens,148.852,27876.076500000017,90.57%,6.7078e-34,74.84,38989401
RCCD1-AS1,"Homo sapiens chromosome 22, GRCh38.p14 Primary Assembly",Homo sapiens,147.006,24091.13420000001,87.42%,2.41255e-33,74.84,23082510
RCCD1-AS1,"Homo sapiens chromosome Y, GRCh38.p14 Primary Assembly",Homo sapiens,145.159,7361.6077,87.42%,8.67708e-33,71.70,998750
RCCD1-AS1,"Homo sapiens chromosome 1 unlocalized genomic scaffold, GRCh38.p14 Primary Assembly HSCHR1_CTG3_UNLOCALIZED",Homo sapiens,130.386,130.386,75.47%,2.42968e-28,65.41,119793
RCCD1-AS1,"Homo sapiens chromosome 14 unlocalized genomic scaffold, GRCh38.p14 Primary Assembly HSCHR14_CTG3_UNLOCALIZED",Homo sapiens,130.386,238.612,75.47%,2.42968e-28,65.41,152962
RCCD1-AS1,"Homo sapiens unplaced genomic scaffold, GRCh38.p14 Primary Assembly HSCHRUN_RANDOM_CTG27",Homo sapiens,130.386,236.765,74.84%,2.42968e-28,64.78,53486
RCCD1-AS1,"Homo sapiens chromosome 16 unlocalized genomic scaffold, GRCh38.p14 Primary Assembly HSCHR16_RANDOM_CTG1",Homo sapiens,128.539,891.6605000000001,87.42%,8.73869e-28,72.96,1434774
tRNA-Lys-CTT-2-1,"Homo sapiens chromosome 1, GRCh38.p14 Primary Assembly",Homo sapiens,135.926,401.51149999999996,100.00%,1.83377e-30,100.00,146039401
tRNA-Lys-CTT-2-1,"Homo sapiens chromosome 5, GRCh38.p14 Primary Assembly",Homo sapiens,135.926,271.852,100.00%,1.83377e-30,100.00,181207755
tRNA-Lys-CTT-2-1,"Homo sapiens chromosome 6, GRCh38.p14 Primary Assembly",Homo sapiens,135.926,135.926,100.00%,1.83377e-30,100.00,26556546
tRNA-Lys-CTT-2-1,"Homo sapiens chromosome 16, GRCh38.p14 Primary Assembly",Homo sapiens,135.926,719.5294,100.00%,1.83377e-30,100.00,3175691
tRNA-Lys-CTT-2-1,"Homo sapiens chromosome 14, GRCh38.p14 Primary Assembly",Homo sapiens,124.846,124.846,100.00%,3.96942e-27,97.26,58239967
tRNA-Lys-CTT-2-1,"Homo sapiens chromosome 15, GRCh38.p14 Primary Assembly",Homo sapiens,124.846,124.846,100.00%,3.96942e-27,97.26,78860562
tRNA-Lys-CTT-2-1,"Homo sapiens chromosome 19, GRCh38.p14 Primary Assembly",Homo sapiens,106.379,106.379,90.41%,1.43779e-21,86.30,51922210
tRNA-Lys-CTT-2-1,"Homo sapiens chromosome 7, GRCh38.p14 Primary Assembly",Homo sapiens,95.2994,95.2994,87.67%,3.11227e-18,82.19,97141638
tRNA-Asn-GTT-4-1,"Homo sapiens chromosome 1, GRCh38.p14 Primary Assembly",Homo sapiens,137.772,1908.8935000000001,100.00%,5.20941e-31,100.00,16889677
tRNA-Asn-GTT-4-1,"Homo sapiens chromosome 10, GRCh38.p14 Primary Assembly",Homo sapiens,132.232,132.232,100.00%,2.4237e-29,98.65,22229582
tRNA-Asn-GTT-4-1,"Homo sapiens chromosome 13, GRCh38.p14 Primary Assembly",Homo sapiens,132.232,132.232,100.00%,2.4237e-29,98.65,30674037
tRNA-Asn-GTT-4-1,"Homo sapiens chromosome 17, GRCh38.p14 Primary Assembly",Homo sapiens,132.232,132.232,100.00%,2.4237e-29,98.65,38751854
tRNA-Asn-GTT-4-1,"Homo sapiens chromosome 19, GRCh38.p14 Primary Assembly",Homo sapiens,132.232,132.232,100.00%,2.4237e-29,98.65,1383563
RNU5F-1,"Homo sapiens chromosome 1, GRCh38.p14 Primary Assembly",Homo sapiens,215.332,820.3679,100.00%,4.38028e-54,100.00,44721786
RNU5F-1,"Homo sapiens chromosome 15, GRCh38.p14 Primary Assembly",Homo sapiens,115.613,229.37900000000002,99.14%,4.57021e-24,84.48,65296166
RNU5F-1,"Homo sapiens chromosome 9, GRCh38.p14 Primary Assembly",Homo sapiens,91.6061,91.6061,52.59%,7.70187e-17,49.14,132421691
tRNA-Asn-GTT-3-2,"Homo sapiens chromosome 1, GRCh38.p14 Primary Assembly",Homo sapiens,137.772,1266.923,100.00%,5.20941e-31,100.00,144419267
tRNA-Asn-GTT-3-2,"Homo sapiens chromosome 10, GRCh38.p14 Primary Assembly",Homo sapiens,132.232,132.232,100.00%,2.4237e-29,98.65,22229582
tRNA-Asn-GTT-3-2,"Homo sapiens chromosome 13, GRCh38.p14 Primary Assembly",Homo sapiens,132.232,132.232,100.00%,2.4237e-29,98.65,30674037
tRNA-Asn-GTT-3-2,"Homo sapiens chromosome 17, GRCh38.p14 Primary Assembly",Homo sapiens,132.232,132.232,100.00%,2.4237e-29,98.65,38751854
tRNA-Asn-GTT-3-2,"Homo sapiens chromosome 19, GRCh38.p14 Primary Assembly",Homo sapiens,132.232,132.232,100.00%,2.4237e-29,98.65,1383563
tRNA-Gln-CTG-2-1,"Homo sapiens chromosome 6, GRCh38.p14 Primary Assembly",Homo sapiens,134.079,1170.899,100.00%,6.45204e-30,100.00,27547752
tRNA-Gln-CTG-2-1,"Homo sapiens chromosome 15, GRCh38.p14 Primary Assembly",Homo sapiens,128.539,128.539,100.00%,3.00184e-28,98.61,65869062
tRNA-Gln-CTG-2-1,"Homo sapiens chromosome 17, GRCh38.p14 Primary Assembly",Homo sapiens,128.539,240.45799999999997,100.00%,3.00184e-28,98.61,8119823
tRNA-Gln-CTG-2-1,"Homo sapiens chromosome 1, GRCh38.p14 Primary Assembly",Homo sapiens,122.999,491.996,100.00%,1.39662e-26,97.22,143691545
tRNA-Gln-CTG-2-1,"Homo sapiens chromosome 13, GRCh38.p14 Primary Assembly",Homo sapiens,84.2195,84.2195,66.67%,6.59043e-15,65.28,53676445
tRNA-Gln-CTG-2-1,"Homo sapiens chromosome 4, GRCh38.p14 Primary Assembly",Homo sapiens,62.0597,62.0597,62.50%,3.088e-08,56.94,133268494
tRNA-Gln-CTG-2-1,"Homo sapiens chromosome 11, GRCh38.p14 Primary Assembly",Homo sapiens,60.2131,120.4262,52.78%,1.11064e-07,50.00,34979567
TRD-GTC2-8,"Homo sapiens chromosome 1, GRCh38.p14 Primary Assembly",Homo sapiens,134.079,670.395,100.00%,6.45204e-30,100.00,161440825
TRD-GTC2-8,"Homo sapiens chromosome 6, GRCh38.p14 Primary Assembly",Homo sapiens,134.079,391.15700000000004,100.00%,6.45204e-30,100.00,27479745
TRD-GTC2-8,"Homo sapiens chromosome 12, GRCh38.p14 Primary Assembly",Homo sapiens,134.079,525.236,100.00%,6.45204e-30,100.00,96036092
TRD-GTC2-8,"Homo sapiens chromosome 17, GRCh38.p14 Primary Assembly",Homo sapiens,134.079,134.079,100.00%,6.45204e-30,100.00,8222238
TRD-GTC2-8,"Homo sapiens chromosome 9, GRCh38.p14 Primary Assembly",Homo sapiens,117.459,117.459,100.00%,6.49784e-25,95.83,74903074
TRD-GTC2-8,"Homo sapiens chromosome 5, GRCh38.p14 Primary Assembly",Homo sapiens,100.839,100.839,100.00%,6.54397e-20,91.67,142394423
tRNA-Glu-CTC-1-2,"Homo sapiens chromosome 1, GRCh38.p14 Primary Assembly",Homo sapiens,134.079,1486.3426000000004,100.00%,6.45204e-30,100.00,146035692
tRNA-Glu-CTC-1-2,"Homo sapiens chromosome 6, GRCh38.p14 Primary Assembly",Homo sapiens,134.079,268.158,100.00%,6.45204e-30,100.00,28982199
tRNA-Glu-CTC-1-2,"Homo sapiens chromosome 1 unlocalized genomic scaffold, GRCh38.p14 Primary Assembly HSCHR1_CTG8_UNLOCALIZED",Homo sapiens,117.459,117.459,100.00%,6.49784e-25,95.83,31706
tRNA-Glu-CTC-1-2,"Homo sapiens chromosome 3, GRCh38.p14 Primary Assembly",Homo sapiens,91.6061,155.5125,80.56%,3.93846e-17,76.39,104160737
tRNA-Glu-CTC-1-2,"Homo sapiens chromosome 2, GRCh38.p14 Primary Assembly",Homo sapiens,87.9128,173.97899999999998,98.61%,5.09472e-16,87.50,205354231
TRQ-TTG2-1,"Homo sapiens chromosome 6, GRCh38.p14 Primary Assembly",Homo sapiens,134.079,1130.27,100.00%,6.45204e-30,100.00,28589379
TRQ-TTG2-1,"Homo sapiens chromosome 17, GRCh38.p14 Primary Assembly",Homo sapiens,122.999,229.378,100.00%,1.39662e-26,97.22,49192528
TRQ-TTG2-1,"Homo sapiens chromosome 15, GRCh38.p14 Primary Assembly",Homo sapiens,106.379,106.379,100.00%,1.40654e-21,93.06,65869133
TRG-CCC2-1,"Homo sapiens chromosome 2, GRCh38.p14 Primary Assembly",Homo sapiens,132.232,132.232,100.00%,2.269e-29,100.00,70248991
TRG-CCC2-1,"Homo sapiens chromosome 16, GRCh38.p14 Primary Assembly",Homo sapiens,132.232,132.232,100.00%,2.269e-29,100.00,636736
TRR-ACG2-3,"Homo sapiens chromosome 3, GRCh38.p14 Primary Assembly",Homo sapiens,135.926,135.926,100.00%,1.83377e-30,100.00,45688999
TRR-ACG2-3,"Homo sapiens chromosome 6, GRCh38.p14 Primary Assembly",Homo sapiens,135.926,765.6961,100.00%,1.83377e-30,100.00,27213844
TRR-ACG2-3,"Homo sapiens chromosome 14, GRCh38.p14 Primary Assembly",Homo sapiens,130.386,130.386,100.00%,8.53171e-29,98.63,22929773
TRR-ACG2-3,"Homo sapiens chromosome 4, GRCh38.p14 Primary Assembly",Homo sapiens,95.2994,155.5125,69.86%,3.11227e-18,69.86,139157939
TRR-ACG2-3,"Homo sapiens chromosome 5, GRCh38.p14 Primary Assembly",Homo sapiens,86.0662,86.0662,63.01%,1.87311e-15,63.01,105370180
TRR-ACG2-3,"Homo sapiens chromosome 15, GRCh38.p14 Primary Assembly",Homo sapiens,84.2195,84.2195,61.64%,6.73689e-15,61.64,26412452
TRR-ACG2-3,"Homo sapiens chromosome 7, GRCh38.p14 Primary Assembly",Homo sapiens,73.1396,73.1396,57.53%,1.45828e-11,56.16,22286151
TRR-ACG2-3,"Homo sapiens chromosome 9, GRCh38.p14 Primary Assembly",Homo sapiens,62.0597,122.27279999999999,52.05%,3.15662e-08,49.32,65651468
TRR-ACG2-3,"Homo sapiens chromosome 9 unlocalized genomic scaffold, GRCh38.p14 Primary Assembly HSCHR9_UNLOCALIZED_CTG2",Homo sapiens,60.2131,60.2131,56.16%,1.13532e-07,52.05,24690
tRNA-Lys-CTT-5-1,"Homo sapiens chromosome 16, GRCh38.p14 Primary Assembly",Homo sapiens,135.926,675.2096,100.00%,1.83377e-30,100.00,3180554
tRNA-Lys-CTT-5-1,"Homo sapiens chromosome 1, GRCh38.p14 Primary Assembly",Homo sapiens,124.846,302.5183,100.00%,3.96942e-27,97.26,146039473
tRNA-Lys-CTT-5-1,"Homo sapiens chromosome 5, GRCh38.p14 Primary Assembly",Homo sapiens,124.846,249.692,100.00%,3.96942e-27,97.26,181207827
tRNA-Lys-CTT-5-1,"Homo sapiens chromosome 6, GRCh38.p14 Primary Assembly",Homo sapiens,124.846,124.846,100.00%,3.96942e-27,97.26,26556618
tRNA-Lys-CTT-5-1,"Homo sapiens chromosome 19, GRCh38.p14 Primary Assembly",Homo sapiens,95.2994,95.2994,90.41%,3.11227e-18,83.56,51922145
tRNA-Lys-CTT-5-1,"Homo sapiens chromosome 7, GRCh38.p14 Primary Assembly",Homo sapiens,84.2195,84.2195,87.67%,6.73689e-15,79.45,97141576
TRA-AGC4-1,"Homo sapiens chromosome 6, GRCh38.p14 Primary Assembly",Homo sapiens,134.079,480.916,100.00%,6.45204e-30,100.00,28658237
TRA-AGC4-1,"Homo sapiens chromosome 5, GRCh38.p14 Primary Assembly",Homo sapiens,111.919,111.919,100.00%,3.02315e-23,94.44,181206939
TRA-AGC4-1,"Homo sapiens chromosome 12, GRCh38.p14 Primary Assembly",Homo sapiens,111.919,212.75799999999998,100.00%,3.02315e-23,94.44,124921755
TRR-TCG1-1,"Homo sapiens chromosome 15, GRCh38.p14 Primary Assembly",Homo sapiens,135.926,135.926,100.00%,1.83377e-30,100.00,89335073
TRR-TCG1-1,"Homo sapiens chromosome 9, GRCh38.p14 Primary Assembly",Homo sapiens,108.226,108.226,100.00%,3.9976e-22,93.15,110198523
TRR-TCG1-1,"Homo sapiens chromosome 17, GRCh38.p14 Primary Assembly",Homo sapiens,100.839,100.839,82.19%,6.6894e-20,79.45,75035115
TRR-TCG1-1,"Homo sapiens chromosome 6, GRCh38.p14 Primary Assembly",Homo sapiens,93.4528,456.1841,84.93%,1.11937e-17,79.45,28743024
TRR-TCG1-1,"Homo sapiens chromosome 16, GRCh38.p14 Primary Assembly",Homo sapiens,93.4528,93.4528,84.93%,1.11937e-17,79.45,3150674
TRA-CGC5-1-001,"Homo sapiens chromosome 6, GRCh38.p14 Primary Assembly",Homo sapiens,134.079,308.058,100.00%,6.45204e-30,100.00,28695932
SNAR-F,"Homo sapiens chromosome 19, GRCh38.p14 Primary Assembly",Homo sapiens,228.258,371.57000000000005,100.00%,6.07385e-58,100.00,50604963
SNAR-F,"Homo sapiens chromosome 2, GRCh38.p14 Primary Assembly",Homo sapiens,174.705,174.705,99.19%,8.02556e-42,91.87,77955026
SNORD13,"Homo sapiens chromosome 8, GRCh38.p14 Primary Assembly",Homo sapiens,193.172,193.172,100.00%,1.79586e-47,100.00,33513475
SNORD13,"Homo sapiens chromosome 3, GRCh38.p14 Primary Assembly",Homo sapiens,167.319,284.778,100.00%,1.0885e-39,94.23,47250626
SNORD13,"Homo sapiens chromosome 16, GRCh38.p14 Primary Assembly",Homo sapiens,143.312,143.312,98.08%,1.83438e-32,90.38,53334562
SNORD13,"Homo sapiens chromosome 2, GRCh38.p14 Primary Assembly",Homo sapiens,135.926,135.926,99.04%,3.06957e-30,89.42,177345961
SNORD13,"Homo sapiens chromosome 22, GRCh38.p14 Primary Assembly",Homo sapiens,135.926,135.926,99.04%,3.06957e-30,89.42,42076161
SNORD13,"Homo sapiens chromosome 15, GRCh38.p14 Primary Assembly",Homo sapiens,126.692,126.692,100.00%,1.84741e-27,89.42,65696936
SNORD13,"Homo sapiens chromosome X, GRCh38.p14 Primary Assembly",Homo sapiens,126.692,126.692,100.00%,1.84741e-27,88.46,136134420
SNORD13,"Homo sapiens chromosome 17, GRCh38.p14 Primary Assembly",Homo sapiens,124.846,124.846,100.00%,6.64446e-27,89.42,48956753
SNORD13,"Homo sapiens chromosome 9, GRCh38.p14 Primary Assembly",Homo sapiens,121.153,121.153,100.00%,8.59515e-26,89.42,95172598
SNORD13,"Homo sapiens chromosome 20, GRCh38.p14 Primary Assembly",Homo sapiens,108.226,108.226,92.31%,6.69163e-22,80.77,18346898
SNORD13,"Homo sapiens chromosome 7, GRCh38.p14 Primary Assembly",Homo sapiens,100.839,100.839,86.54%,1.11975e-19,75.00,140375663
TRA-AGC20-1,"Homo sapiens chromosome 1, GRCh38.p14 Primary Assembly",Homo sapiens,132.232,132.232,100.00%,2.269e-29,100.00,150045406
tRNA-Pro-AGG-2-4,"Homo sapiens chromosome 1, GRCh38.p14 Primary Assembly",Homo sapiens,134.079,262.618,100.00%,6.45204e-30,100.00,167715559
tRNA-Pro-AGG-2-4,"Homo sapiens chromosome 6, GRCh38.p14 Primary Assembly",Homo sapiens,134.079,257.078,100.00%,6.45204e-30,100.00,26555270
tRNA-Pro-AGG-2-4,"Homo sapiens chromosome 7, GRCh38.p14 Primary Assembly",Homo sapiens,134.079,134.079,100.00%,6.45204e-30,100.00,128783450
tRNA-Pro-AGG-2-4,"Homo sapiens chromosome 11, GRCh38.p14 Primary Assembly",Homo sapiens,134.079,251.538,100.00%,6.45204e-30,100.00,76235513
tRNA-Pro-AGG-2-4,"Homo sapiens chromosome 14, GRCh38.p14 Primary Assembly",Homo sapiens,134.079,519.696,100.00%,6.45204e-30,100.00,20609407
tRNA-Pro-AGG-2-4,"Homo sapiens chromosome 16, GRCh38.p14 Primary Assembly",Homo sapiens,134.079,971.0661,100.00%,6.45204e-30,100.00,3182706
tRNA-Pro-AGG-2-4,"Homo sapiens chromosome 5, GRCh38.p14 Primary Assembly",Homo sapiens,128.539,128.539,100.00%,3.00184e-28,98.61,181188925
tRNA-Pro-AGG-2-4,"Homo sapiens chromosome 17, GRCh38.p14 Primary Assembly",Homo sapiens,128.539,128.539,100.00%,3.00184e-28,98.61,8222904
tRNA-Pro-AGG-2-4,"Homo sapiens chromosome 4, GRCh38.p14 Primary Assembly",Homo sapiens,65.753,65.753,48.61%,2.38717e-09,48.61,19057482
tRNA-Thr-TGT-4-1,"Homo sapiens chromosome 14, GRCh38.p14 Primary Assembly",Homo sapiens,135.926,385.618,100.00%,1.83377e-30,100.00,20631160
tRNA-Thr-TGT-4-1,"Homo sapiens chromosome 5, GRCh38.p14 Primary Assembly",Homo sapiens,128.539,128.539,100.00%,3.06855e-28,98.63,181191687
tRNA-Thr-TGT-4-1,"Homo sapiens chromosome 1, GRCh38.p14 Primary Assembly",Homo sapiens,113.766,113.766,100.00%,8.59228e-24,94.52,222465077
tRNA-Thr-TGT-4-1,"Homo sapiens chromosome 8, GRCh38.p14 Primary Assembly",Homo sapiens,73.1396,73.1396,53.42%,1.45828e-11,53.42,73799381
tRNA-Thr-TGT-4-1,"Homo sapiens chromosome 12, GRCh38.p14 Primary Assembly",Homo sapiens,69.4463,69.4463,54.79%,1.8864e-10,53.42,7759573
tRNA-Thr-TGT-4-1,"Homo sapiens chromosome 3, GRCh38.p14 Primary Assembly",Homo sapiens,63.9064,63.9064,50.68%,8.77659e-09,49.32,89908186
tRNA-Thr-TGT-4-1,"Homo sapiens chromosome 6, GRCh38.p14 Primary Assembly",Homo sapiens,63.9064,63.9064,50.68%,8.77659e-09,49.32,159468225
tRNA-Thr-TGT-4-1,"Homo sapiens chromosome 18, GRCh38.p14 Primary Assembly",Homo sapiens,62.0597,62.0597,49.32%,3.15662e-08,47.95,56398059
tRNA-Lys-CTT-1-2,"Homo sapiens chromosome 14, GRCh38.p14 Primary Assembly",Homo sapiens,135.926,135.926,100.00%,1.83377e-30,100.00,58239895
tRNA-Lys-CTT-1-2,"Homo sapiens chromosome 15, GRCh38.p14 Primary Assembly",Homo sapiens,135.926,240.459,100.00%,1.83377e-30,100.00,78860634
tRNA-Lys-CTT-1-2,"Homo sapiens chromosome 16, GRCh38.p14 Primary Assembly",Homo sapiens,130.386,374.538,100.00%,8.53171e-29,98.63,3191573
tRNA-Lys-CTT-1-2,"Homo sapiens chromosome 1, GRCh38.p14 Primary Assembly",Homo sapiens,124.846,124.846,100.00%,3.96942e-27,97.26,146039473
tRNA-Lys-CTT-1-2,"Homo sapiens chromosome 5, GRCh38.p14 Primary Assembly",Homo sapiens,124.846,249.692,100.00%,3.96942e-27,97.26,181207827
tRNA-Lys-CTT-1-2,"Homo sapiens chromosome 6, GRCh38.p14 Primary Assembly",Homo sapiens,124.846,124.846,100.00%,3.96942e-27,97.26,26556618
tRNA-Lys-CTT-1-2,"Homo sapiens chromosome 18, GRCh38.p14 Primary Assembly",Homo sapiens,113.766,113.766,91.78%,8.59228e-24,89.04,46089306
RNU6-9,"Homo sapiens chromosome 2, GRCh38.p14 Primary Assembly",Homo sapiens,198.712,1828.3675,100.00%,4.01034e-49,100.00,174557966
RNU6-9,"Homo sapiens chromosome 3, GRCh38.p14 Primary Assembly",Homo sapiens,198.712,1701.2812,100.00%,4.01034e-49,100.00,181231843
RNU6-9,"Homo sapiens chromosome 10, GRCh38.p14 Primary Assembly",Homo sapiens,198.712,1258.4176,100.00%,4.01034e-49,100.00,13217375
RNU6-9,"Homo sapiens chromosome 15, GRCh38.p14 Primary Assembly",Homo sapiens,198.712,1460.8229000000003,100.00%,4.01034e-49,100.00,67839939
RNU6-9,"Homo sapiens chromosome 19, GRCh38.p14 Primary Assembly",Homo sapiens,198.712,1101.059,100.00%,4.01034e-49,100.00,893590
RNU6-9,"Homo sapiens chromosome X, GRCh38.p14 Primary Assembly",Homo sapiens,198.712,2478.7814999999996,100.00%,4.01034e-49,100.00,141118030
RNU6-9,"Homo sapiens chromosome 14, GRCh38.p14 Primary Assembly",Homo sapiens,196.865,872.0731000000001,100.00%,1.44238e-48,99.07,32202150
RNU6-9,"Homo sapiens chromosome 1, GRCh38.p14 Primary Assembly",Homo sapiens,195.019,2758.4138,100.00%,5.18771e-48,98.13,10299070
RNU6-9,"Homo sapiens chromosome 7, GRCh38.p14 Primary Assembly",Homo sapiens,195.019,1247.3376,100.00%,5.18771e-48,98.13,123790607
RNU6-9,"Homo sapiens chromosome 4, GRCh38.p14 Primary Assembly",Homo sapiens,193.172,1752.9887,100.00%,1.86583e-47,99.07,39297605
RNU6-9,"Homo sapiens chromosome 8, GRCh38.p14 Primary Assembly",Homo sapiens,193.172,1201.8986,100.00%,1.86583e-47,99.07,56917190
RNU6-9,"Homo sapiens chromosome 12, GRCh38.p14 Primary Assembly",Homo sapiens,193.172,1079.2924999999998,100.00%,1.86583e-47,99.07,97721822
RNU6-9,"Homo sapiens chromosome 18, GRCh38.p14 Primary Assembly",Homo sapiens,187.632,887.574,100.00%,8.68087e-46,98.13,68859040
RNU6-9,"Homo sapiens chromosome 11, GRCh38.p14 Primary Assembly",Homo sapiens,182.092,1237.3784999999998,100.00%,4.03881e-44,97.20,88612805
RNU6-9,"Homo sapiens chromosome 16, GRCh38.p14 Primary Assembly",Homo sapiens,176.552,975.4866,100.00%,1.87908e-42,96.26,57830536
RNU6-9,"Homo sapiens chromosome 9, GRCh38.p14 Primary Assembly",Homo sapiens,174.705,993.2264,100.00%,6.75836e-42,96.26,15776181
RNU6-9,"Homo sapiens chromosome 5, GRCh38.p14 Primary Assembly",Homo sapiens,171.012,2346.9435,100.00%,8.7425e-41,95.33,109014834
RNU6-9,"Homo sapiens chromosome 13, GRCh38.p14 Primary Assembly",Homo sapiens,171.012,830.327,100.00%,8.7425e-41,95.33,75109693
RNU6-9,"Homo sapiens chromosome 20, GRCh38.p14 Primary Assembly",Homo sapiens,171.012,950.7535,100.00%,8.7425e-41,95.33,17187616
RNU6-9,"Homo sapiens chromosome 6, GRCh38.p14 Primary Assembly",Homo sapiens,165.472,1075.5986,100.00%,4.06749e-39,94.39,23124981
RNU6-9,"Homo sapiens chromosome 17, GRCh38.p14 Primary Assembly",Homo sapiens,165.472,969.9459999999999,100.00%,4.06749e-39,92.52,76337419
RNU6-9,"Homo sapiens chromosome 22, GRCh38.p14 Primary Assembly",Homo sapiens,165.472,530.776,100.00%,4.06749e-39,92.52,31479385
RNU6-9,"Homo sapiens chromosome 21, GRCh38.p14 Primary Assembly",Homo sapiens,73.1396,131.506,47.66%,2.53614e-11,43.93,33510791
TRI-AAT5-1,"Homo sapiens chromosome 6, GRCh38.p14 Primary Assembly",Homo sapiens,137.772,1646.9979999999998,100.00%,5.20941e-31,100.00,26554122
TRI-AAT5-1,"Homo sapiens chromosome 14, GRCh38.p14 Primary Assembly",Homo sapiens,137.772,137.772,100.00%,5.20941e-31,100.00,102317092
TRI-AAT5-1,"Homo sapiens chromosome 17, GRCh38.p14 Primary Assembly",Homo sapiens,137.772,270.004,100.00%,5.20941e-31,100.00,8187593
TRI-AAT5-1,"Homo sapiens chromosome 10, GRCh38.p14 Primary Assembly",Homo sapiens,67.5997,67.5997,56.76%,6.93221e-10,54.05,72972420
TRI-AAT5-1,"Homo sapiens chromosome 12, GRCh38.p14 Primary Assembly",Homo sapiens,58.3664,58.3664,45.95%,4.17212e-07,44.59,27643043
tRNA-Gly-TCC-3-1,"Homo sapiens chromosome 17, GRCh38.p14 Primary Assembly",Homo sapiens,134.079,134.079,100.00%,6.45204e-30,100.00,8221548
tRNA-Gly-TCC-3-1,"Homo sapiens chromosome 1, GRCh38.p14 Primary Assembly",Homo sapiens,128.539,771.2339999999999,100.00%,3.00184e-28,98.61,146037061
tRNA-Gly-TCC-3-1,"Homo sapiens chromosome 19, GRCh38.p14 Primary Assembly",Homo sapiens,128.539,128.539,100.00%,3.00184e-28,98.61,4724070
tRNA-Gly-TCC-3-1,"Homo sapiens chromosome 2, GRCh38.p14 Primary Assembly",Homo sapiens,65.753,65.753,52.78%,2.38717e-09,51.39,198830337
tRNA-Gly-TCC-3-1,"Homo sapiens chromosome 5, GRCh38.p14 Primary Assembly",Homo sapiens,65.753,65.753,48.61%,2.38717e-09,48.61,54785005
tRNA-Gly-TCC-3-1,"Homo sapiens chromosome 12, GRCh38.p14 Primary Assembly",Homo sapiens,65.753,65.753,48.61%,2.38717e-09,48.61,50217011
tRNA-Gly-TCC-3-1,"Homo sapiens chromosome 14, GRCh38.p14 Primary Assembly",Homo sapiens,63.9064,63.9064,47.22%,8.58579e-09,47.22,31904476
tRNA-Gly-CCC-4-1,"Homo sapiens chromosome 1, GRCh38.p14 Primary Assembly",Homo sapiens,132.232,352.378,100.00%,2.269e-29,100.00,16678271
TRE-TTC5-1,"Homo sapiens chromosome 1, GRCh38.p14 Primary Assembly",Homo sapiens,134.079,134.079,100.00%,6.45204e-30,100.00,161612718
TRA-AGC11-1,"Homo sapiens chromosome 6, GRCh38.p14 Primary Assembly",Homo sapiens,135.926,583.604,100.00%,1.83377e-30,100.00,26571864
TRA-AGC11-1,"Homo sapiens chromosome 2, GRCh38.p14 Primary Assembly",Homo sapiens,124.846,124.846,100.00%,3.96942e-27,97.26,27051286
TRA-AGC11-1,"Homo sapiens chromosome 8, GRCh38.p14 Primary Assembly",Homo sapiens,124.846,124.846,100.00%,3.96942e-27,97.26,66114261
TRA-AGC11-1,"Homo sapiens chromosome 14, GRCh38.p14 Primary Assembly",Homo sapiens,124.846,124.846,100.00%,3.96942e-27,97.26,88979170
Val-tRNA,"Homo sapiens chromosome 1, GRCh38.p14 Primary Assembly",Homo sapiens,135.926,680.7495,100.00%,1.83377e-30,100.00,145157157
Val-tRNA,"Homo sapiens chromosome 5, GRCh38.p14 Primary Assembly",Homo sapiens,113.766,455.064,100.00%,8.59228e-24,94.52,181097070
Val-tRNA,"Homo sapiens chromosome 6, GRCh38.p14 Primary Assembly",Homo sapiens,113.766,309.9048,100.00%,8.59228e-24,94.52,26538054
Val-tRNA,"Homo sapiens chromosome 19, GRCh38.p14 Primary Assembly",Homo sapiens,91.6061,91.6061,100.00%,4.02598e-17,89.04,4724707
tRNA-iMet-CAT-2-1,"Homo sapiens chromosome 6, GRCh38.p14 Primary Assembly",Homo sapiens,134.079,905.3129999999999,100.00%,6.45204e-30,100.00,27777885
tRNA-iMet-CAT-2-1,"Homo sapiens chromosome 1, GRCh38.p14 Primary Assembly",Homo sapiens,128.539,128.539,100.00%,3.00184e-28,98.61,153671250
tRNA-iMet-CAT-2-1,"Homo sapiens chromosome 17, GRCh38.p14 Primary Assembly",Homo sapiens,128.539,128.539,100.00%,3.00184e-28,98.61,82494792
tRNA-Leu-CAG-2-2,"Homo sapiens chromosome 16, GRCh38.p14 Primary Assembly",Homo sapiens,154.392,308.784,100.00%,6.1632e-36,100.00,57299951
tRNA-Leu-CAG-2-2,"Homo sapiens chromosome 1, GRCh38.p14 Primary Assembly",Homo sapiens,148.852,1015.3848,100.00%,2.86746e-34,98.80,161441533
tRNA-Leu-CAG-2-2,"Homo sapiens chromosome 6, GRCh38.p14 Primary Assembly",Homo sapiens,148.852,400.78430000000003,100.00%,2.86746e-34,98.80,26521208
tRNA-Leu-CAG-2-2,"Homo sapiens chromosome 9, GRCh38.p14 Primary Assembly",Homo sapiens,111.919,111.919,97.59%,3.76214e-23,89.16,120355157
SYT15-AS1,"Homo sapiens chromosome 10, GRCh38.p14 Primary Assembly",Homo sapiens,1792.37,1604912.3613000382,100.00%,0,100.00,46597834
SYT15-AS1,"Homo sapiens chromosome 18, GRCh38.p14 Primary Assembly",Homo sapiens,374.144,804908.4601999968,28.14%,7.29475e-101,24.23,53312375
SYT15-AS1,"Homo sapiens chromosome 9, GRCh38.p14 Primary Assembly",Homo sapiens,370.45,1625786.2485000333,28.56%,9.43635e-100,24.85,22958234
SYT15-AS1,"Homo sapiens chromosome 1, GRCh38.p14 Primary Assembly",Homo sapiens,366.757,3190417.770700122,32.16%,1.22067e-98,26.29,46324416
SYT15-AS1,"Homo sapiens chromosome 11, GRCh38.p14 Primary Assembly",Homo sapiens,366.757,1511925.5762000305,33.20%,1.22067e-98,27.73,22789325
SYT15-AS1,"Homo sapiens chromosome 12, GRCh38.p14 Primary Assembly",Homo sapiens,364.91,1850582.8697000225,28.35%,4.39031e-98,24.95,110033028
SYT15-AS1,"Homo sapiens chromosome 2, GRCh38.p14 Primary Assembly",Homo sapiens,361.217,2667395.8044001586,34.43%,5.67922e-97,26.80,169765313
SYT15-AS1,"Homo sapiens chromosome 21, GRCh38.p14 Primary Assembly",Homo sapiens,359.37,456505.8593999998,27.73%,2.04261e-96,24.54,30770809
SYT15-AS1,"Homo sapiens chromosome 7, GRCh38.p14 Primary Assembly",Homo sapiens,357.524,2110027.58800003,28.04%,7.34654e-96,24.74,17950278
SYT15-AS1,"Homo sapiens chromosome 3, GRCh38.p14 Primary Assembly",Homo sapiens,355.677,2185795.7416000026,27.84%,2.64228e-95,24.74,156660141
SYT15-AS1,"Homo sapiens chromosome 15, GRCh38.p14 Primary Assembly",Homo sapiens,355.677,1218175.2560000035,27.73%,2.64228e-95,24.33,42851276
SYT15-AS1,"Homo sapiens chromosome 4, GRCh38.p14 Primary Assembly",Homo sapiens,353.83,1817100.10170004,34.12%,9.50334e-95,27.53,134079720
SYT15-AS1,"Homo sapiens chromosome 13, GRCh38.p14 Primary Assembly",Homo sapiens,353.83,990324.4714999993,27.73%,9.50334e-95,24.43,29740233
SYT15-AS1,"Homo sapiens chromosome 20, GRCh38.p14 Primary Assembly",Homo sapiens,353.83,865225.0912999971,27.42%,9.50334e-95,23.81,32421858
SYT15-AS1,"Homo sapiens chromosome 19, GRCh38.p14 Primary Assembly",Homo sapiens,351.984,1773887.5773000414,32.68%,3.41801e-94,26.49,2882577
SYT15-AS1,"Homo sapiens chromosome X, GRCh38.p14 Primary Assembly",Homo sapiens,350.137,1673051.464700029,32.68%,1.22934e-93,26.60,128598622
SYT15-AS1,"Homo sapiens chromosome 5, GRCh38.p14 Primary Assembly",Homo sapiens,348.29,1869348.4010000352,35.46%,4.42148e-93,28.56,147355793
SYT15-AS1,"Homo sapiens chromosome 8, GRCh38.p14 Primary Assembly",Homo sapiens,346.444,1433417.5716000136,28.56%,1.59025e-92,24.33,25117742
SYT15-AS1,"Homo sapiens chromosome 17, GRCh38.p14 Primary Assembly",Homo sapiens,346.444,1878132.5451000412,28.14%,1.59025e-92,24.33,16500847
SYT15-AS1,"Homo sapiens chromosome 6, GRCh38.p14 Primary Assembly",Homo sapiens,342.75,1881986.514000041,34.23%,2.05711e-91,27.42,151345956
SYT15-AS1,"Homo sapiens chromosome 14, GRCh38.p14 Primary Assembly",Homo sapiens,340.904,1129928.1864999973,37.53%,7.39869e-91,31.24,73352434
SYT15-AS1,"Homo sapiens chromosome 16, GRCh38.p14 Primary Assembly",Homo sapiens,340.904,1363550.0685000026,28.97%,7.39869e-91,24.64,67325184
SYT15-AS1,"Homo sapiens chromosome 22, GRCh38.p14 Primary Assembly",Homo sapiens,335.364,813604.0125999971,27.94%,3.44228e-89,23.71,21813077
SYT15-AS1,"Homo sapiens chromosome Y, GRCh38.p14 Primary Assembly",Homo sapiens,326.131,267238.85319999995,27.42%,2.07172e-86,23.30,5096687
tRNA-Pro-TGG-3-3,"Homo sapiens chromosome 5, GRCh38.p14 Primary Assembly",Homo sapiens,134.079,134.079,100.00%,6.45204e-30,100.00,181188854
tRNA-Pro-TGG-3-3,"Homo sapiens chromosome 14, GRCh38.p14 Primary Assembly",Homo sapiens,134.079,519.6959999999999,100.00%,6.45204e-30,100.00,20684087
tRNA-Pro-TGG-3-3,"Homo sapiens chromosome 16, GRCh38.p14 Primary Assembly",Homo sapiens,134.079,1049.7457,100.00%,6.45204e-30,100.00,3158993
tRNA-Pro-TGG-3-3,"Homo sapiens chromosome 1, GRCh38.p14 Primary Assembly",Homo sapiens,128.539,257.078,100.00%,3.00184e-28,98.61,167714796
tRNA-Pro-TGG-3-3,"Homo sapiens chromosome 6, GRCh38.p14 Primary Assembly",Homo sapiens,128.539,251.53799999999998,100.00%,3.00184e-28,98.61,26555341
tRNA-Pro-TGG-3-3,"Homo sapiens chromosome 7, GRCh38.p14 Primary Assembly",Homo sapiens,128.539,128.539,100.00%,3.00184e-28,98.61,128783521
tRNA-Pro-TGG-3-3,"Homo sapiens chromosome 11, GRCh38.p14 Primary Assembly",Homo sapiens,128.539,251.53799999999998,100.00%,3.00184e-28,98.61,76235584
tRNA-Pro-TGG-3-3,"Homo sapiens chromosome 17, GRCh38.p14 Primary Assembly",Homo sapiens,128.539,128.539,100.00%,3.00184e-28,98.61,8222833
tRNA-Pro-TGG-3-3,"Homo sapiens chromosome 4, GRCh38.p14 Primary Assembly",Homo sapiens,60.2131,60.2131,44.44%,1.11064e-07,44.44,19057513
TRC-GCA11-1,"Homo sapiens chromosome 7, GRCh38.p14 Primary Assembly",Homo sapiens,134.079,1546.5539999999994,100.00%,6.45204e-30,100.00,149415138
TRC-GCA11-1,"Homo sapiens chromosome 4, GRCh38.p14 Primary Assembly",Homo sapiens,122.999,122.999,100.00%,1.39662e-26,97.22,123508850
TRC-GCA11-1,"Homo sapiens chromosome 14, GRCh38.p14 Primary Assembly",Homo sapiens,122.999,122.999,100.00%,1.39662e-26,97.22,72963042
TRC-GCA11-1,"Homo sapiens chromosome 17, GRCh38.p14 Primary Assembly",Homo sapiens,122.999,693.6745,100.00%,1.39662e-26,97.22,38867716
TRC-GCA11-1,"Homo sapiens chromosome 1, GRCh38.p14 Primary Assembly",Homo sapiens,117.459,117.459,100.00%,6.49784e-25,97.22,93516277
TRC-GCA11-1,"Homo sapiens chromosome 15, GRCh38.p14 Primary Assembly",Homo sapiens,117.459,117.459,100.00%,6.49784e-25,97.22,79744727
TRC-GCA11-1,"Homo sapiens chromosome 3, GRCh38.p14 Primary Assembly",Homo sapiens,111.919,309.90409999999997,100.00%,3.02315e-23,94.44,132231798
TRC-GCA11-1,"Homo sapiens chromosome 8, GRCh38.p14 Primary Assembly",Homo sapiens,76.8329,76.8329,100.00%,1.10281e-12,86.11,10081813
tRNA-Ala-TGC-2-1,"Homo sapiens chromosome 6, GRCh38.p14 Primary Assembly",Homo sapiens,134.079,831.4467000000001,100.00%,6.45204e-30,100.00,28643445
tRNA-Ala-TGC-2-1,"Homo sapiens chromosome 5, GRCh38.p14 Primary Assembly",Homo sapiens,128.539,128.539,100.00%,3.00184e-28,98.61,181206868
tRNA-Ala-TGC-2-1,"Homo sapiens chromosome 12, GRCh38.p14 Primary Assembly",Homo sapiens,128.539,245.998,100.00%,3.00184e-28,98.61,124921826
TRE-TTC3-1,"Homo sapiens chromosome 1, GRCh38.p14 Primary Assembly",Homo sapiens,134.079,1541.0146000000007,100.00%,6.45204e-30,100.00,16872583
TRE-TTC3-1,"Homo sapiens chromosome 1 unlocalized genomic scaffold, GRCh38.p14 Primary Assembly HSCHR1_CTG8_UNLOCALIZED",Homo sapiens,122.999,122.999,100.00%,1.39662e-26,97.22,31706
TRE-TTC3-1,"Homo sapiens chromosome 6, GRCh38.p14 Primary Assembly",Homo sapiens,117.459,234.918,100.00%,6.49784e-25,95.83,28982199
tRNA-Pro-TGG-1-1,"Homo sapiens chromosome 14, GRCh38.p14 Primary Assembly",Homo sapiens,134.079,508.616,100.00%,6.45204e-30,100.00,20633006
tRNA-Pro-TGG-1-1,"Homo sapiens chromosome 5, GRCh38.p14 Primary Assembly",Homo sapiens,128.539,128.539,100.00%,3.00184e-28,98.61,181188925
tRNA-Pro-TGG-1-1,"Homo sapiens chromosome 16, GRCh38.p14 Primary Assembly",Homo sapiens,128.539,1010.9657,100.00%,3.00184e-28,98.61,3158922
tRNA-Pro-TGG-1-1,"Homo sapiens chromosome 1, GRCh38.p14 Primary Assembly",Homo sapiens,122.999,245.998,100.00%,1.39662e-26,97.22,167714725
tRNA-Pro-TGG-1-1,"Homo sapiens chromosome 6, GRCh38.p14 Primary Assembly",Homo sapiens,122.999,240.458,100.00%,1.39662e-26,97.22,26555270
tRNA-Pro-TGG-1-1,"Homo sapiens chromosome 7, GRCh38.p14 Primary Assembly",Homo sapiens,122.999,122.999,100.00%,1.39662e-26,97.22,128783450
tRNA-Pro-TGG-1-1,"Homo sapiens chromosome 11, GRCh38.p14 Primary Assembly",Homo sapiens,122.999,240.458,100.00%,1.39662e-26,97.22,76235513
tRNA-Pro-TGG-1-1,"Homo sapiens chromosome 17, GRCh38.p14 Primary Assembly",Homo sapiens,122.999,122.999,100.00%,1.39662e-26,97.22,8222904
MIR3689A,"Homo sapiens chromosome 9, GRCh38.p14 Primary Assembly",Homo sapiens,145.159,2639.1661000000004,100.00%,3.3781e-33,100.00,134849487
tRNA-Ala-TGC-3-1,"Homo sapiens chromosome 5, GRCh38.p14 Primary Assembly",Homo sapiens,134.079,134.079,100.00%,6.45204e-30,100.00,181206868
tRNA-Ala-TGC-3-1,"Homo sapiens chromosome 12, GRCh38.p14 Primary Assembly",Homo sapiens,134.079,257.078,100.00%,6.45204e-30,100.00,124921826
tRNA-Ala-TGC-3-1,"Homo sapiens chromosome 6, GRCh38.p14 Primary Assembly",Homo sapiens,128.539,825.907,100.00%,3.00184e-28,98.61,28643445
TRK-TTT7-1,"Homo sapiens chromosome 6, GRCh38.p14 Primary Assembly",Homo sapiens,135.926,135.926,100.00%,1.83377e-30,100.00,28747744
TRL-AAG2-4,"Homo sapiens chromosome 5, GRCh38.p14 Primary Assembly",Homo sapiens,152.546,593.564,100.00%,2.1771e-35,100.00,181187701
TRL-AAG2-4,"Homo sapiens chromosome 6, GRCh38.p14 Primary Assembly",Homo sapiens,152.546,435.478,100.00%,2.1771e-35,100.00,28943703
TRL-AAG2-4,"Homo sapiens chromosome 14, GRCh38.p14 Primary Assembly",Homo sapiens,152.546,288.472,100.00%,2.1771e-35,100.00,20610132
TRL-AAG2-4,"Homo sapiens chromosome 16, GRCh38.p14 Primary Assembly",Homo sapiens,152.546,271.852,100.00%,2.1771e-35,100.00,22297140
TRL-AAG2-4,"Homo sapiens chromosome 17, GRCh38.p14 Primary Assembly",Homo sapiens,141.466,141.466,100.00%,4.71258e-32,97.56,8120395
RNU5E-1,"Homo sapiens chromosome 1, GRCh38.p14 Primary Assembly",Homo sapiens,220.872,923.78,100.00%,9.73575e-56,100.00,11908154
RNU5E-1,"Homo sapiens chromosome 15, GRCh38.p14 Primary Assembly",Homo sapiens,145.159,288.471,89.08%,6.02759e-33,81.51,65296053
RNU5E-1,"Homo sapiens chromosome 9, GRCh38.p14 Primary Assembly",Homo sapiens,106.379,106.379,50.42%,2.84433e-21,49.58,132421631
RNU5E-1,"Homo sapiens chromosome 22, GRCh38.p14 Primary Assembly",Homo sapiens,86.0662,86.0662,52.94%,3.70549e-15,48.74,29910849
RNU5E-1,"Homo sapiens chromosome 4, GRCh38.p14 Primary Assembly",Homo sapiens,84.2195,168.439,42.86%,1.33273e-14,41.18,55028864
SNAR-C3,"Homo sapiens chromosome 19, GRCh38.p14 Primary Assembly",Homo sapiens,220.872,1678.3359999999998,100.00%,9.73575e-56,100.00,47950296
SNAR-C3,"Homo sapiens chromosome 3, GRCh38.p14 Primary Assembly",Homo sapiens,156.239,156.239,100.00%,2.7846e-36,91.60,190878050
SNAR-C3,"Homo sapiens chromosome 21, GRCh38.p14 Primary Assembly",Homo sapiens,78.6796,78.6796,42.86%,6.2006e-13,40.34,24738283
SNAR-C3,"Homo sapiens chromosome 7, GRCh38.p14 Primary Assembly",Homo sapiens,76.8329,76.8329,42.02%,2.23013e-12,39.50,26047513
TRG1,"Homo sapiens chromosome 1, GRCh38.p14 Primary Assembly",Homo sapiens,132.232,1153.5531,100.00%,2.269e-29,100.00,16545939
TRG1,"Homo sapiens chromosome 2, GRCh38.p14 Primary Assembly",Homo sapiens,115.613,199.83249999999998,100.00%,2.28511e-24,95.77,156401147
TRG1,"Homo sapiens chromosome 6, GRCh38.p14 Primary Assembly",Homo sapiens,115.613,115.613,100.00%,2.28511e-24,95.77,27902908
TRG1,"Homo sapiens chromosome 16, GRCh38.p14 Primary Assembly",Homo sapiens,115.613,423.6718,100.00%,2.28511e-24,95.77,70779039
TRG1,"Homo sapiens chromosome 17, GRCh38.p14 Primary Assembly",Homo sapiens,115.613,115.613,100.00%,2.28511e-24,95.77,8125816
TRG1,"Homo sapiens chromosome 3, GRCh38.p14 Primary Assembly",Homo sapiens,69.4463,69.4463,52.11%,1.80439e-10,52.11,15508028
TRG1,"Homo sapiens chromosome 4, GRCh38.p14 Primary Assembly",Homo sapiens,63.9064,63.9064,47.89%,8.395e-09,47.89,100768605
TRG1,"Homo sapiens chromosome 5, GRCh38.p14 Primary Assembly",Homo sapiens,63.9064,63.9064,52.11%,8.395e-09,50.70,86372850
TRG1,"Homo sapiens chromosome X, GRCh38.p14 Primary Assembly",Homo sapiens,52.8265,52.8265,39.44%,1.8172e-05,39.44,65017959
TRV-AAC5-1,"Homo sapiens chromosome 6, GRCh38.p14 Primary Assembly",Homo sapiens,135.926,712.143,100.00%,1.83377e-30,100.00,27235509
TRV-AAC5-1,"Homo sapiens chromosome 3, GRCh38.p14 Primary Assembly",Homo sapiens,124.846,124.846,100.00%,3.96942e-27,97.26,169772230
TRV-AAC5-1,"Homo sapiens chromosome 5, GRCh38.p14 Primary Assembly",Homo sapiens,124.846,971.0680000000001,100.00%,3.96942e-27,97.26,181164154
TRV-AAC5-1,"Homo sapiens chromosome 1, GRCh38.p14 Primary Assembly",Homo sapiens,119.306,471.684,100.00%,1.84679e-25,95.89,121020801
TRV-AAC5-1,"Homo sapiens chromosome 2, GRCh38.p14 Primary Assembly",Homo sapiens,60.2131,60.2131,52.05%,1.13532e-07,49.32,47280793
TRV-AAC5-1,"Homo sapiens chromosome 11, GRCh38.p14 Primary Assembly",Homo sapiens,58.3664,58.3664,50.68%,4.08335e-07,47.95,44762953
TRV-AAC5-1,"Homo sapiens chromosome X, GRCh38.p14 Primary Assembly",Homo sapiens,52.8265,52.8265,50.68%,1.8998e-05,46.58,10285780
TRG-CCC6-1,"Homo sapiens chromosome 1, GRCh38.p14 Primary Assembly",Homo sapiens,132.232,852.8817,100.00%,2.269e-29,100.00,121016845
TRG-CCC6-1,"Homo sapiens chromosome 2, GRCh38.p14 Primary Assembly",Homo sapiens,97.1461,181.3656,94.37%,8.27705e-19,87.32,156401151
TRG-CCC6-1,"Homo sapiens chromosome 6, GRCh38.p14 Primary Assembly",Homo sapiens,97.1461,97.1461,94.37%,8.27705e-19,87.32,27902912
TRG-CCC6-1,"Homo sapiens chromosome 16, GRCh38.p14 Primary Assembly",Homo sapiens,97.1461,353.498,94.37%,8.27705e-19,87.32,70779043
TRG-CCC6-1,"Homo sapiens chromosome 17, GRCh38.p14 Primary Assembly",Homo sapiens,97.1461,97.1461,94.37%,8.27705e-19,87.32,8125812
TRG-CCC6-1,"Homo sapiens chromosome 3, GRCh38.p14 Primary Assembly",Homo sapiens,63.9064,63.9064,52.11%,8.395e-09,50.70,15508028
TRG-CCC6-1,"Homo sapiens chromosome 4, GRCh38.p14 Primary Assembly",Homo sapiens,62.0597,62.0597,46.48%,3.01938e-08,46.48,100768605
TRG-CCC6-1,"Homo sapiens chromosome 5, GRCh38.p14 Primary Assembly",Homo sapiens,58.3664,58.3664,52.11%,3.90581e-07,49.30,86372850
TRF-GAA2-1,"Homo sapiens chromosome 11, GRCh38.p14 Primary Assembly",Homo sapiens,135.926,266.312,100.00%,1.83377e-30,100.00,59566380
TRF-GAA2-1,"Homo sapiens chromosome 6, GRCh38.p14 Primary Assembly",Homo sapiens,130.386,728.762,100.00%,8.53171e-29,98.63,28790722
TRF-GAA2-1,"Homo sapiens chromosome 12, GRCh38.p14 Primary Assembly",Homo sapiens,130.386,201.679,100.00%,8.53171e-29,98.63,124927843
TRF-GAA2-1,"Homo sapiens chromosome 13, GRCh38.p14 Primary Assembly",Homo sapiens,130.386,130.386,100.00%,8.53171e-29,98.63,94549650
TRF-GAA2-1,"Homo sapiens chromosome 19, GRCh38.p14 Primary Assembly",Homo sapiens,130.386,130.386,100.00%,8.53171e-29,98.63,1383362
TRF-GAA2-1,"Homo sapiens chromosome 18, GRCh38.p14 Primary Assembly",Homo sapiens,91.6061,91.6061,79.45%,4.02598e-17,75.34,62444207
TRF-GAA2-1,"Homo sapiens chromosome 1, GRCh38.p14 Primary Assembly",Homo sapiens,67.5997,67.5997,49.32%,6.78472e-10,49.32,233807836
SNAR-A1,"Homo sapiens chromosome 19, GRCh38.p14 Primary Assembly",Homo sapiens,224.565,3110.6700000000005,100.00%,7.69161e-57,100.00,47923779
