Gene,Mutation,SNP155 Count,Pangenome Count
RNU5E-1,C->A,21,0
RNU5E-1,C->G,22,2
RNU5E-1,C->T,23,2
RNU5E-1,T->A,27,2
RNU5E-1,T->C,39,37
RNU5E-1,T->G,34,2
RNU5E-1,G->A,25,11
RNU5E-1,G->C,24,0
RNU5E-1,G->T,21,0
RNU5E-1,A->C,24,0
RNU5E-1,A->G,27,1
RNU5E-1,A->T,19,0
RNU5E-1,T->TA,0,18
RNU5D-1,G->A,20,10
RNU5D-1,G->C,20,36
RNU5D-1,G->T,17,0
RNU5D-1,C->A,12,6
RNU5D-1,C->G,16,0
RNU5D-1,C->T,17,16
RNU5D-1,T->A,16,0
RNU5D-1,T->C,25,0
RNU5D-1,T->G,21,1
RNU5D-1,A->C,29,32
RNU5D-1,A->G,36,52
RNU5D-1,A->T,29,0
RNU5D-1,T->TA,0,1
RNU5D-1,G->GT,0,5
SNORD118,A->C,35,0
SNORD118,A->T,31,0
SNORD118,A->G,36,0
SNORD118,T->C,33,5
SNORD118,T->G,28,0
SNORD118,C->G,32,0
SNORD118,C->T,32,65
SNORD118,G->A,31,8
SNORD118,G->C,31,0
SNORD118,G->T,27,0
SNORD118,C->A,26,0
SNORD118,T->A,27,0
SNORD118,T->TG,0,1
SNAR-B2,A->C,13,1
SNAR-B2,A->G,18,0
SNAR-B2,A->T,9,0
SNAR-B2,T->A,11,0
SNAR-B2,T->C,17,5
SNAR-B2,T->G,12,0
SNAR-B2,C->G,26,1
SNAR-B2,C->T,34,0
SNAR-B2,C->A,13,0
SNAR-B2,G->A,26,0
SNAR-B2,G->C,19,0
SNAR-B2,G->T,20,0
SNAR-B2,TA->T,0,10
TRG-CCC5-1,C->T,17,11
TRG-CCC5-1,C->A,10,36
TRG-CCC5-1,C->G,11,36
TRG-CCC5-1,G->A,13,5
TRG-CCC5-1,G->C,9,0
TRG-CCC5-1,G->T,8,1
TRG-CCC5-1,A->C,6,0
TRG-CCC5-1,A->G,9,1
TRG-CCC5-1,T->C,5,1
TRG-CCC5-1,T->G,3,0
TRG-CCC5-1,T->A,2,0
TRG-CCC5-1,A->T,5,0
TRG-CCC5-1,A->AC,0,20
MIR4538 ,T->C,11,17
MIR4538 ,C->A,11,0
MIR4538 ,C->G,14,0
MIR4538 ,C->T,18,4
MIR4538 ,A->C,7,4
MIR4538 ,G->A,8,0
MIR4538 ,G->T,8,0
MIR4538 ,A->G,7,0
MIR4538 ,T->G,6,2
MIR4538 ,A->T,5,3
MIR4538 ,G->C,4,0
MIR4538 ,T->A,2,0
SNAR-C4,C->A,20,10
SNAR-C4,C->G,19,2
SNAR-C4,C->T,27,1
SNAR-C4,G->A,35,6
SNAR-C4,G->C,24,10
SNAR-C4,G->T,27,1
SNAR-C4,A->C,16,0
SNAR-C4,A->G,21,40
SNAR-C4,A->T,11,1
SNAR-C4,T->A,11,0
SNAR-C4,T->C,18,46
SNAR-C4,T->G,9,0
SNAR-C4,G->GC,0,1
SNAR-C4,A->AGG,0,10
RNU5F-1,G->A,20,25
RNU5F-1,G->C,19,5
RNU5F-1,G->T,14,5
RNU5F-1,C->A,14,0
RNU5F-1,C->G,19,0
RNU5F-1,C->T,20,5
RNU5F-1,T->C,33,53
RNU5F-1,T->G,25,0
RNU5F-1,A->C,30,0
RNU5F-1,A->G,40,0
RNU5F-1,A->T,17,0
RNU5F-1,T->A,21,0
TRK-TTT3-2,C->A,12,0
TRK-TTT3-2,C->G,18,0
TRK-TTT3-2,C->T,18,0
TRK-TTT3-2,G->A,21,0
TRK-TTT3-2,G->C,18,0
TRK-TTT3-2,A->C,7,0
TRK-TTT3-2,A->G,11,0
TRK-TTT3-2,A->T,8,0
TRK-TTT3-2,T->A,9,0
TRK-TTT3-2,T->C,17,0
TRK-TTT3-2,T->G,11,0
TRK-TTT3-2,G->T,8,0
TRE-TTC3-1,C->G,16,0
TRE-TTC3-1,C->T,23,0
TRE-TTC3-1,C->A,15,0
TRE-TTC3-1,T->C,8,0
TRE-TTC3-1,G->A,23,7
TRE-TTC3-1,G->C,17,57
TRE-TTC3-1,T->A,2,0
TRE-TTC3-1,T->G,4,0
TRE-TTC3-1,G->T,14,0
TRE-TTC3-1,A->G,8,0
TRE-TTC3-1,A->T,4,0
TRE-TTC3-1,A->C,5,0
TRG1,G->A,21,1
TRG1,G->C,16,0
TRG1,G->T,15,0
TRG1,C->G,14,2
TRG1,C->T,18,1
TRG1,A->C,11,0
TRG1,A->G,13,0
TRG1,A->T,5,0
TRG1,T->A,3,0
TRG1,T->C,12,2
TRG1,T->G,8,0
TRG1,C->A,14,0
TRA-CGC5-1-001,G->A,14,0
TRA-CGC5-1-001,A->G,11,80
TRA-CGC5-1-001,G->C,7,0
TRA-CGC5-1-001,T->C,9,79
TRA-CGC5-1-001,T->G,4,0
TRA-CGC5-1-001,A->C,4,0
TRA-CGC5-1-001,C->T,18,0
TRA-CGC5-1-001,C->G,8,0
TRA-CGC5-1-001,G->T,6,0
TRA-CGC5-1-001,C->A,5,0
TRA-CGC5-1-001,T->A,5,3
TRA-CGC5-1-001,A->T,1,0
tRNA-Gly-CCC-4-1,G->A,20,54
tRNA-Gly-CCC-4-1,G->C,17,0
tRNA-Gly-CCC-4-1,G->T,13,58
tRNA-Gly-CCC-4-1,C->A,14,7
tRNA-Gly-CCC-4-1,C->T,21,0
tRNA-Gly-CCC-4-1,A->C,9,8
tRNA-Gly-CCC-4-1,A->G,13,37
tRNA-Gly-CCC-4-1,A->T,7,0
tRNA-Gly-CCC-4-1,T->C,10,0
tRNA-Gly-CCC-4-1,T->G,8,0
tRNA-Gly-CCC-4-1,C->G,15,0
tRNA-Gly-CCC-4-1,T->A,4,0
tRNA-Glu-CTC-1-2,C->A,11,0
tRNA-Glu-CTC-1-2,C->G,19,0
tRNA-Glu-CTC-1-2,C->T,22,0
tRNA-Glu-CTC-1-2,T->A,7,0
tRNA-Glu-CTC-1-2,T->C,13,0
tRNA-Glu-CTC-1-2,T->G,11,0
tRNA-Glu-CTC-1-2,G->A,21,0
tRNA-Glu-CTC-1-2,G->C,17,0
tRNA-Glu-CTC-1-2,G->T,16,0
tRNA-Glu-CTC-1-2,A->C,5,0
tRNA-Glu-CTC-1-2,A->G,6,0
tRNA-Glu-CTC-1-2,A->T,5,0
tRNA-Ile-AAT-12-1,G->A,22,0
tRNA-Ile-AAT-12-1,G->C,16,0
tRNA-Ile-AAT-12-1,G->T,18,0
tRNA-Ile-AAT-12-1,C->A,15,0
tRNA-Ile-AAT-12-1,C->T,20,15
tRNA-Ile-AAT-12-1,C->G,17,0
tRNA-Ile-AAT-12-1,T->G,11,0
tRNA-Ile-AAT-12-1,T->A,8,0
tRNA-Ile-AAT-12-1,T->C,9,0
tRNA-Ile-AAT-12-1,A->G,12,0
tRNA-Ile-AAT-12-1,A->C,7,0
tRNA-Ile-AAT-12-1,A->T,1,0
tRNA-Gly-GCC-2-4,G->A,20,0
tRNA-Gly-GCC-2-4,G->T,13,4
tRNA-Gly-GCC-2-4,C->G,18,2
tRNA-Gly-GCC-2-4,C->T,23,2
tRNA-Gly-GCC-2-4,A->C,12,0
tRNA-Gly-GCC-2-4,A->G,14,5
tRNA-Gly-GCC-2-4,A->T,6,0
tRNA-Gly-GCC-2-4,T->A,6,0
tRNA-Gly-GCC-2-4,T->C,9,0
tRNA-Gly-GCC-2-4,T->G,9,2
tRNA-Gly-GCC-2-4,G->C,15,0
tRNA-Gly-GCC-2-4,C->A,14,0
tRNA-Pro-AGG-2-4,G->A,24,0
tRNA-Pro-AGG-2-4,G->C,19,0
tRNA-Pro-AGG-2-4,C->T,17,0
tRNA-Pro-AGG-2-4,T->C,15,0
tRNA-Pro-AGG-2-4,C->G,14,0
tRNA-Pro-AGG-2-4,G->T,14,0
tRNA-Pro-AGG-2-4,T->G,10,0
tRNA-Pro-AGG-2-4,T->A,8,0
tRNA-Pro-AGG-2-4,C->A,5,0
tRNA-Pro-AGG-2-4,A->C,6,0
tRNA-Pro-AGG-2-4,A->G,8,0
tRNA-Pro-AGG-2-4,A->T,7,0
TRG-CCC6-1,A->C,7,0
TRG-CCC6-1,A->G,12,6
TRG-CCC6-1,A->T,4,0
TRG-CCC6-1,T->C,12,0
TRG-CCC6-1,T->G,8,0
TRG-CCC6-1,C->T,19,0
TRG-CCC6-1,G->A,20,2
TRG-CCC6-1,G->C,16,0
TRG-CCC6-1,G->T,12,0
TRG-CCC6-1,C->A,10,0
TRG-CCC6-1,C->G,14,0
TRG-CCC6-1,T->A,2,0
TRA-TGC4-1,G->A,22,0
TRA-TGC4-1,G->C,13,0
TRA-TGC4-1,G->T,11,0
TRA-TGC4-1,A->C,5,0
TRA-TGC4-1,A->G,13,1
TRA-TGC4-1,A->T,2,0
TRA-TGC4-1,T->A,6,0
TRA-TGC4-1,T->C,15,0
TRA-TGC4-1,T->G,9,0
TRA-TGC4-1,C->G,14,0
TRA-TGC4-1,C->T,20,0
TRA-TGC4-1,C->A,4,0
TRP-AGG1-1,G->A,23,17
TRP-AGG1-1,G->C,20,9
TRP-AGG1-1,C->T,18,0
TRP-AGG1-1,T->G,13,0
TRP-AGG1-1,C->G,15,0
TRP-AGG1-1,G->T,14,5
TRP-AGG1-1,T->C,12,15
TRP-AGG1-1,C->A,7,0
TRP-AGG1-1,T->A,7,0
TRP-AGG1-1,A->C,10,5
TRP-AGG1-1,A->G,8,34
TRP-AGG1-1,A->T,2,0
TRK-CTT3-1,G->A,21,87
TRK-CTT3-1,G->C,16,0
TRK-CTT3-1,G->T,11,0
TRK-CTT3-1,C->T,22,2
TRK-CTT3-1,C->A,13,2
TRK-CTT3-1,C->G,15,0
TRK-CTT3-1,A->C,9,0
TRK-CTT3-1,A->G,11,0
TRK-CTT3-1,A->T,5,0
TRK-CTT3-1,T->C,12,0
TRK-CTT3-1,T->G,7,0
TRK-CTT3-1,T->A,4,0
tRNA-Glu-TTC-4-1,T->A,3,0
tRNA-Glu-TTC-4-1,T->C,6,0
tRNA-Glu-TTC-4-1,T->G,5,0
tRNA-Glu-TTC-4-1,C->A,10,0
tRNA-Glu-TTC-4-1,C->G,15,0
tRNA-Glu-TTC-4-1,C->T,18,0
tRNA-Glu-TTC-4-1,G->A,22,0
tRNA-Glu-TTC-4-1,G->C,18,0
tRNA-Glu-TTC-4-1,G->T,14,0
tRNA-Glu-TTC-4-1,A->G,8,3
tRNA-Glu-TTC-4-1,A->T,4,0
tRNA-Glu-TTC-4-1,A->C,6,0
tRNA-Thr-CGT-5-1,G->A,22,5
tRNA-Thr-CGT-5-1,G->T,13,0
tRNA-Thr-CGT-5-1,C->A,8,0
tRNA-Thr-CGT-5-1,C->G,15,3
tRNA-Thr-CGT-5-1,C->T,18,0
tRNA-Thr-CGT-5-1,T->A,7,0
tRNA-Thr-CGT-5-1,T->C,11,0
tRNA-Thr-CGT-5-1,A->C,7,0
tRNA-Thr-CGT-5-1,A->G,10,0
tRNA-Thr-CGT-5-1,G->C,10,0
tRNA-Thr-CGT-5-1,T->G,5,1
tRNA-Thr-CGT-5-1,A->T,2,0
tRNA-Thr-CGT-5-1,CT->C,0,3
tRNA-Thr-CGT-5-1,C->CT,0,1
TRG-TCC1-1,C->A,11,0
TRG-TCC1-1,C->G,12,0
TRG-TCC1-1,C->T,19,0
TRG-TCC1-1,G->A,21,0
TRG-TCC1-1,G->C,13,0
TRG-TCC1-1,G->T,12,0
TRG-TCC1-1,T->C,14,0
TRG-TCC1-1,T->G,12,0
TRG-TCC1-1,T->A,4,0
TRG-TCC1-1,A->G,12,0
TRG-TCC1-1,A->C,6,0
TRG-TCC1-1,A->T,5,0
SNORD13,T->C,31,0
SNORD13,T->G,28,0
SNORD13,C->A,18,0
SNORD13,C->G,23,0
SNORD13,C->T,24,8
SNORD13,T->A,17,0
SNORD13,G->A,27,0
SNORD13,A->G,17,4
SNORD13,G->C,19,8
SNORD13,A->C,12,0
SNORD13,A->T,11,0
SNORD13,G->T,12,0
tRNA-Val-CAC-3-1,G->A,22,0
tRNA-Val-CAC-3-1,G->C,16,0
tRNA-Val-CAC-3-1,T->C,12,1
tRNA-Val-CAC-3-1,T->G,7,0
tRNA-Val-CAC-3-1,T->A,5,0
tRNA-Val-CAC-3-1,C->T,18,0
tRNA-Val-CAC-3-1,C->G,15,0
tRNA-Val-CAC-3-1,G->T,10,1
tRNA-Val-CAC-3-1,C->A,12,0
tRNA-Val-CAC-3-1,A->G,11,0
tRNA-Val-CAC-3-1,A->T,3,0
tRNA-Val-CAC-3-1,A->C,7,0
tRNA-Thr-TGT-4-1,G->A,18,0
tRNA-Thr-TGT-4-1,G->C,16,0
tRNA-Thr-TGT-4-1,G->T,7,0
tRNA-Thr-TGT-4-1,C->G,17,0
tRNA-Thr-TGT-4-1,C->T,23,2
tRNA-Thr-TGT-4-1,A->C,11,0
tRNA-Thr-TGT-4-1,A->G,15,0
tRNA-Thr-TGT-4-1,C->A,8,0
tRNA-Thr-TGT-4-1,A->T,5,0
tRNA-Thr-TGT-4-1,T->C,12,0
tRNA-Thr-TGT-4-1,T->G,6,0
tRNA-Thr-TGT-4-1,T->A,2,0
tRNA-Thr-TGT-4-1,A->AA,0,1
TRV-TAC1-1,G->A,17,0
TRV-TAC1-1,G->C,11,0
TRV-TAC1-1,T->A,3,0
TRV-TAC1-1,T->C,13,0
TRV-TAC1-1,C->A,9,0
TRV-TAC1-1,C->G,14,0
TRV-TAC1-1,C->T,20,1
TRV-TAC1-1,A->C,13,0
TRV-TAC1-1,A->G,12,0
TRV-TAC1-1,A->T,5,0
TRV-TAC1-1,T->G,5,0
TRV-TAC1-1,G->T,4,0
SNAR-A1,C->A,17,1
SNAR-A1,C->G,16,18
SNAR-A1,C->T,25,9
SNAR-A1,G->A,32,46
SNAR-A1,A->C,7,14
SNAR-A1,A->G,9,0
SNAR-A1,G->C,17,0
SNAR-A1,G->T,25,4
SNAR-A1,T->G,6,0
SNAR-A1,T->C,11,0
SNAR-A1,T->A,11,0
SNAR-A1,A->T,6,0
LINC00459,C->T,7,0
LINC00459,C->A,7,0
LINC00459,A->G,12,0
LINC00459,G->T,2,0
LINC00459,G->A,4,0
LINC00459,T->G,1,0
LINC00459,T->C,4,0
LINC00459,G->C,2,0
LINC00459,A->T,2,0
LINC00459,A->C,2,0
tRNA-Pro-TGG-1-1,G->C,17,4
tRNA-Pro-TGG-1-1,G->T,17,0
tRNA-Pro-TGG-1-1,C->A,10,0
tRNA-Pro-TGG-1-1,C->G,14,0
tRNA-Pro-TGG-1-1,C->T,17,0
tRNA-Pro-TGG-1-1,T->C,16,0
tRNA-Pro-TGG-1-1,T->G,9,0
tRNA-Pro-TGG-1-1,G->A,20,0
tRNA-Pro-TGG-1-1,A->C,4,0
tRNA-Pro-TGG-1-1,A->G,8,0
tRNA-Pro-TGG-1-1,T->A,3,0
tRNA-Pro-TGG-1-1,A->T,1,0
FAM30A,G->A,202,32
FAM30A,G->T,89,0
FAM30A,T->C,118,0
FAM30A,T->G,69,0
FAM30A,G->C,115,1
FAM30A,T->A,68,1
FAM30A,C->T,150,0
FAM30A,A->G,100,33
FAM30A,A->T,54,0
FAM30A,A->C,60,0
FAM30A,C->A,59,1
FAM30A,C->G,96,0
FAM30A,G->GG,0,7
FAM30A,CC->C,0,5
FAM30A,G->GTG,0,1
FAM30A,C->CC,0,2
tRNA-Gln-CTG-2-1,G->C,10,1
tRNA-Gln-CTG-2-1,G->A,16,0
tRNA-Gln-CTG-2-1,T->G,4,0
tRNA-Gln-CTG-2-1,C->T,17,5
tRNA-Gln-CTG-2-1,C->G,11,0
tRNA-Gln-CTG-2-1,C->A,4,0
tRNA-Gln-CTG-2-1,A->G,11,0
tRNA-Gln-CTG-2-1,A->C,8,0
tRNA-Gln-CTG-2-1,A->T,4,1
tRNA-Gln-CTG-2-1,T->C,11,0
tRNA-Gln-CTG-2-1,G->T,7,0
tRNA-Gln-CTG-2-1,T->A,3,0
tRNA-Arg-CCT-3-1,C->T,20,0
tRNA-Arg-CCT-3-1,C->A,9,0
tRNA-Arg-CCT-3-1,C->G,14,0
tRNA-Arg-CCT-3-1,G->A,23,0
tRNA-Arg-CCT-3-1,G->C,13,0
tRNA-Arg-CCT-3-1,G->T,10,0
tRNA-Arg-CCT-3-1,A->G,12,0
tRNA-Arg-CCT-3-1,A->C,7,0
tRNA-Arg-CCT-3-1,T->C,10,0
tRNA-Arg-CCT-3-1,T->G,11,0
tRNA-Arg-CCT-3-1,A->T,7,0
tRNA-Arg-CCT-3-1,T->A,4,0
TRV,G->A,20,0
TRV,G->C,18,0
TRV,T->C,15,1
TRV,C->T,21,4
TRV,C->G,14,0
TRV,G->T,12,0
TRV,T->G,6,0
TRV,C->A,7,0
TRV,A->C,7,0
TRV,A->G,11,0
TRV,T->A,4,0
TRV,A->T,3,0
TRF-GAA1-4,G->A,16,1
TRF-GAA1-4,G->T,11,0
TRF-GAA1-4,C->T,23,0
TRF-GAA1-4,A->C,11,0
TRF-GAA1-4,A->G,14,0
TRF-GAA1-4,C->G,12,0
TRF-GAA1-4,C->A,7,0
TRF-GAA1-4,G->C,13,0
TRF-GAA1-4,T->C,12,1
TRF-GAA1-4,A->T,4,0
TRF-GAA1-4,T->G,7,0
TRF-GAA1-4,T->A,3,0
tRNA-iMet-CAT-2-1,G->A,18,2
tRNA-iMet-CAT-2-1,C->G,8,0
tRNA-iMet-CAT-2-1,C->T,20,0
tRNA-iMet-CAT-2-1,A->G,16,0
tRNA-iMet-CAT-2-1,G->C,14,0
tRNA-iMet-CAT-2-1,T->C,10,0
tRNA-iMet-CAT-2-1,T->G,5,0
tRNA-iMet-CAT-2-1,A->C,8,0
tRNA-iMet-CAT-2-1,C->A,7,0
tRNA-iMet-CAT-2-1,G->T,6,0
tRNA-iMet-CAT-2-1,A->T,4,0
tRNA-iMet-CAT-2-1,T->A,7,0
SNAR-C3,G->A,20,0
SNAR-C3,G->C,12,2
SNAR-C3,C->A,8,2
SNAR-C3,C->G,11,0
SNAR-C3,C->T,13,2
SNAR-C3,A->G,14,8
SNAR-C3,T->C,8,2
SNAR-C3,T->G,7,0
SNAR-C3,G->T,8,0
SNAR-C3,A->T,7,0
SNAR-C3,T->A,5,0
SNAR-C3,A->C,4,0
SNAR-C3,G->GT,0,1
TRA-AGC11-1,G->A,17,1
TRA-AGC11-1,G->C,14,0
TRA-AGC11-1,G->T,8,1
TRA-AGC11-1,A->G,13,0
TRA-AGC11-1,A->T,3,0
TRA-AGC11-1,A->C,4,0
TRA-AGC11-1,T->A,4,0
TRA-AGC11-1,T->C,15,0
TRA-AGC11-1,C->T,23,0
TRA-AGC11-1,C->A,12,0
TRA-AGC11-1,C->G,16,0
TRA-AGC11-1,T->G,6,0
TRL-TAG2-1,G->A,25,0
TRL-TAG2-1,G->T,10,0
TRL-TAG2-1,T->A,6,0
TRL-TAG2-1,T->C,16,0
TRL-TAG2-1,A->G,11,0
TRL-TAG2-1,G->C,18,0
TRL-TAG2-1,T->G,10,0
TRL-TAG2-1,C->T,22,0
TRL-TAG2-1,C->A,5,0
TRL-TAG2-1,A->C,9,0
TRL-TAG2-1,C->G,13,0
TRL-TAG2-1,A->T,4,0
tRNA-Met-CAT-6-1,G->A,20,0
tRNA-Met-CAT-6-1,G->C,13,0
tRNA-Met-CAT-6-1,G->T,6,0
tRNA-Met-CAT-6-1,C->G,15,0
tRNA-Met-CAT-6-1,C->T,21,0
tRNA-Met-CAT-6-1,C->A,9,0
tRNA-Met-CAT-6-1,T->C,9,1
tRNA-Met-CAT-6-1,T->G,10,0
tRNA-Met-CAT-6-1,A->C,7,0
tRNA-Met-CAT-6-1,A->G,11,0
tRNA-Met-CAT-6-1,A->T,3,0
tRNA-Met-CAT-6-1,T->A,2,0
TRM-CAT3-2,C->G,11,0
TRM-CAT3-2,C->T,20,3
TRM-CAT3-2,C->A,10,0
TRM-CAT3-2,T->C,13,1
TRM-CAT3-2,T->A,3,0
TRM-CAT3-2,T->G,6,0
TRM-CAT3-2,A->C,10,0
TRM-CAT3-2,A->G,13,0
TRM-CAT3-2,G->A,21,0
TRM-CAT3-2,G->C,12,0
TRM-CAT3-2,G->T,7,0
TRM-CAT3-2,A->T,5,0
tRNA-Leu-CAG-2-2,T->G,10,0
tRNA-Leu-CAG-2-2,C->G,20,6
tRNA-Leu-CAG-2-2,C->T,23,0
tRNA-Leu-CAG-2-2,A->G,12,0
tRNA-Leu-CAG-2-2,G->A,25,0
tRNA-Leu-CAG-2-2,G->C,16,0
tRNA-Leu-CAG-2-2,T->C,11,0
tRNA-Leu-CAG-2-2,G->T,9,0
tRNA-Leu-CAG-2-2,C->A,9,0
tRNA-Leu-CAG-2-2,T->A,4,0
tRNA-Leu-CAG-2-2,A->C,6,0
tRNA-Leu-CAG-2-2,A->T,2,0
TRA-AGC1-1,G->A,18,7
TRA-AGC1-1,G->C,10,0
TRA-AGC1-1,G->T,9,0
TRA-AGC1-1,A->C,12,0
TRA-AGC1-1,A->G,13,0
TRA-AGC1-1,T->C,10,0
TRA-AGC1-1,T->G,6,0
TRA-AGC1-1,C->G,12,0
TRA-AGC1-1,C->T,23,4
TRA-AGC1-1,A->T,2,0
TRA-AGC1-1,C->A,9,0
tRNA-Gly-TCC-3-1,C->A,8,0
tRNA-Gly-TCC-3-1,C->G,13,0
tRNA-Gly-TCC-3-1,C->T,18,1
tRNA-Gly-TCC-3-1,G->A,20,1
tRNA-Gly-TCC-3-1,G->T,9,0
tRNA-Gly-TCC-3-1,T->C,15,0
tRNA-Gly-TCC-3-1,T->G,9,0
tRNA-Gly-TCC-3-1,T->A,6,0
tRNA-Gly-TCC-3-1,G->C,17,0
tRNA-Gly-TCC-3-1,A->G,11,0
tRNA-Gly-TCC-3-1,A->T,3,0
tRNA-Gly-TCC-3-1,A->C,5,0
tRNA-Lys-CTT-5-1,G->A,19,22
tRNA-Lys-CTT-5-1,G->C,12,0
tRNA-Lys-CTT-5-1,G->T,10,0
tRNA-Lys-CTT-5-1,C->G,15,0
tRNA-Lys-CTT-5-1,C->T,18,0
tRNA-Lys-CTT-5-1,C->A,10,0
tRNA-Lys-CTT-5-1,A->C,5,0
tRNA-Lys-CTT-5-1,A->G,12,0
tRNA-Lys-CTT-5-1,T->C,11,0
tRNA-Lys-CTT-5-1,T->G,7,0
tRNA-Lys-CTT-5-1,A->T,4,1
tRNA-Lys-CTT-5-1,T->A,1,0
tRNA-Ile-AAT-2-1,G->A,22,0
tRNA-Ile-AAT-2-1,G->T,14,1
tRNA-Ile-AAT-2-1,C->A,8,0
tRNA-Ile-AAT-2-1,C->T,19,0
tRNA-Ile-AAT-2-1,C->G,13,0
tRNA-Ile-AAT-2-1,G->C,12,2
tRNA-Ile-AAT-2-1,T->G,9,5
tRNA-Ile-AAT-2-1,T->C,12,0
tRNA-Ile-AAT-2-1,A->G,9,0
tRNA-Ile-AAT-2-1,A->T,3,0
tRNA-Ile-AAT-2-1,T->A,3,0
tRNA-Ile-AAT-2-1,A->C,3,0
TRA-CGC4-1,G->A,22,0
TRA-CGC4-1,G->C,9,0
TRA-CGC4-1,G->T,11,0
TRA-CGC4-1,T->C,10,0
TRA-CGC4-1,T->G,7,0
TRA-CGC4-1,A->G,8,0
TRA-CGC4-1,C->G,14,0
TRA-CGC4-1,C->T,23,2
TRA-CGC4-1,C->A,12,0
TRA-CGC4-1,T->A,4,0
TRA-CGC4-1,A->T,2,0
TRA-CGC4-1,A->C,2,0
TRK-TTT4-1,G->A,17,0
TRK-TTT4-1,G->C,12,0
TRK-TTT4-1,G->T,10,0
TRK-TTT4-1,C->A,7,0
TRK-TTT4-1,C->T,20,3
TRK-TTT4-1,C->G,13,0
TRK-TTT4-1,T->A,3,0
TRK-TTT4-1,T->C,11,0
TRK-TTT4-1,A->C,11,1
TRK-TTT4-1,A->G,16,0
TRK-TTT4-1,T->G,7,0
TRK-TTT4-1,A->T,6,0
SNAR-G2,A->C,15,1
SNAR-G2,A->G,12,3
SNAR-G2,A->T,5,0
SNAR-G2,T->A,5,0
SNAR-G2,T->C,10,39
SNAR-G2,C->A,19,0
SNAR-G2,C->G,25,0
SNAR-G2,C->T,31,0
SNAR-G2,T->G,6,0
SNAR-G2,G->A,26,5
SNAR-G2,G->T,14,0
SNAR-G2,G->C,16,0
SNAR-G2,AT->A,0,1
SNAR-G2,T->TA,0,4
SNAR-G2,CG->C,0,1
tRNA-Asn-GTT-1-1,T->A,4,0
tRNA-Asn-GTT-1-1,T->C,8,0
tRNA-Asn-GTT-1-1,C->G,14,0
tRNA-Asn-GTT-1-1,C->T,19,3
tRNA-Asn-GTT-1-1,T->G,6,0
tRNA-Asn-GTT-1-1,C->A,8,2
tRNA-Asn-GTT-1-1,G->C,13,2
tRNA-Asn-GTT-1-1,G->A,20,4
tRNA-Asn-GTT-1-1,G->T,11,0
tRNA-Asn-GTT-1-1,A->G,8,2
tRNA-Asn-GTT-1-1,A->C,5,2
tRNA-Asn-GTT-1-1,A->T,3,2
TRE-TTC2-1,T->C,9,0
TRE-TTC2-1,C->T,23,0
TRE-TTC2-1,C->A,9,0
TRE-TTC2-1,C->G,16,0
TRE-TTC2-1,A->C,8,0
TRE-TTC2-1,A->G,13,0
TRE-TTC2-1,G->A,20,1
TRE-TTC2-1,G->T,7,0
TRE-TTC2-1,G->C,14,0
TRE-TTC2-1,A->T,4,0
TRE-TTC2-1,T->A,5,0
TRE-TTC2-1,T->G,5,0
tRNA-Leu-TAG-3-1,G->A,20,0
tRNA-Leu-TAG-3-1,C->G,17,0
tRNA-Leu-TAG-3-1,C->T,25,0
tRNA-Leu-TAG-3-1,A->C,12,0
tRNA-Leu-TAG-3-1,G->C,13,0
tRNA-Leu-TAG-3-1,G->T,11,0
tRNA-Leu-TAG-3-1,T->A,3,0
tRNA-Leu-TAG-3-1,T->G,8,0
tRNA-Leu-TAG-3-1,A->G,14,0
tRNA-Leu-TAG-3-1,A->T,7,0
tRNA-Leu-TAG-3-1,T->C,9,0
tRNA-Leu-TAG-3-1,C->A,11,0
Val-tRNA,T->C,11,2
Val-tRNA,C->G,11,0
Val-tRNA,C->T,15,0
Val-tRNA,A->C,9,0
Val-tRNA,A->G,11,0
Val-tRNA,G->A,15,0
Val-tRNA,G->T,7,0
Val-tRNA,G->C,9,0
Val-tRNA,A->T,6,1
Val-tRNA,T->A,2,0
Val-tRNA,C->A,2,0
Val-tRNA,T->G,2,0
TRA-AGC20-1,G->A,4,0
TRA-AGC20-1,G->C,1,0
TRA-AGC20-1,T->C,2,0
TRA-AGC20-1,C->T,7,0
TRA-AGC20-1,G->T,1,0
TRA-AGC20-1,C->G,2,0
TRA-AGC20-1,C->A,2,1
TRA-AGC20-1,T->G,1,0
TRA-AGC20-1,T->A,1,0
tRNA-Pro-TGG-3-3,G->A,17,0
tRNA-Pro-TGG-3-3,G->C,15,0
tRNA-Pro-TGG-3-3,C->A,12,0
tRNA-Pro-TGG-3-3,C->G,17,0
tRNA-Pro-TGG-3-3,C->T,25,0
tRNA-Pro-TGG-3-3,T->A,2,0
tRNA-Pro-TGG-3-3,T->C,9,0
tRNA-Pro-TGG-3-3,T->G,6,0
tRNA-Pro-TGG-3-3,A->C,11,1
tRNA-Pro-TGG-3-3,A->G,14,0
tRNA-Pro-TGG-3-3,A->T,7,0
tRNA-Pro-TGG-3-3,G->T,6,0
tRNA-Arg-ACG-1-2,G->A,23,0
tRNA-Arg-ACG-1-2,G->T,9,0
tRNA-Arg-ACG-1-2,G->C,11,0
tRNA-Arg-ACG-1-2,C->A,4,0
tRNA-Arg-ACG-1-2,C->T,19,3
tRNA-Arg-ACG-1-2,A->C,6,0
tRNA-Arg-ACG-1-2,A->G,12,0
tRNA-Arg-ACG-1-2,T->C,12,0
tRNA-Arg-ACG-1-2,T->G,6,0
tRNA-Arg-ACG-1-2,A->T,2,0
tRNA-Arg-ACG-1-2,C->G,11,0
tRNA-Arg-ACG-1-2,T->A,2,0
TRM-CAT2-1,C->A,9,0
TRM-CAT2-1,C->G,16,0
TRM-CAT2-1,C->T,20,0
TRM-CAT2-1,T->C,10,0
TRM-CAT2-1,T->G,8,0
TRM-CAT2-1,T->A,4,0
TRM-CAT2-1,A->C,11,0
TRM-CAT2-1,A->G,11,0
TRM-CAT2-1,G->A,21,0
TRM-CAT2-1,G->C,10,0
TRM-CAT2-1,G->T,7,0
TRM-CAT2-1,A->T,1,0
tRNA-Thr-CGT-6-1,A->C,8,0
tRNA-Thr-CGT-6-1,A->G,8,1
tRNA-Thr-CGT-6-1,A->T,4,0
tRNA-Thr-CGT-6-1,G->A,18,4
tRNA-Thr-CGT-6-1,G->C,11,0
tRNA-Thr-CGT-6-1,C->A,6,0
tRNA-Thr-CGT-6-1,C->G,14,1
tRNA-Thr-CGT-6-1,C->T,22,1
tRNA-Thr-CGT-6-1,G->T,6,0
tRNA-Thr-CGT-6-1,T->C,10,8
tRNA-Thr-CGT-6-1,T->G,5,0
tRNA-Thr-CGT-6-1,T->A,6,0
TRA-AGC5-1,G->A,19,0
TRA-AGC5-1,G->C,9,0
TRA-AGC5-1,G->T,6,0
TRA-AGC5-1,T->C,8,0
TRA-AGC5-1,T->G,4,0
TRA-AGC5-1,A->G,11,1
TRA-AGC5-1,C->T,19,0
TRA-AGC5-1,T->A,1,0
TRA-AGC5-1,C->A,7,0
TRA-AGC5-1,A->C,6,0
TRA-AGC5-1,C->G,6,0
TRA-AGC5-1,A->T,1,0
TRA-AGC5-1,G->GT,0,1
TRA-AGC5-1,TG->T,0,1
tRNA-Val-CAC-2-1,G->A,20,0
tRNA-Val-CAC-2-1,G->T,10,0
tRNA-Val-CAC-2-1,C->G,11,0
tRNA-Val-CAC-2-1,C->T,18,0
tRNA-Val-CAC-2-1,T->C,10,0
tRNA-Val-CAC-2-1,T->A,2,0
tRNA-Val-CAC-2-1,C->A,8,0
tRNA-Val-CAC-2-1,G->C,8,0
tRNA-Val-CAC-2-1,T->G,7,0
tRNA-Val-CAC-2-1,A->C,8,0
tRNA-Val-CAC-2-1,A->G,12,0
tRNA-Val-CAC-2-1,A->T,3,0
tRNA-Lys-CTT-1-2,G->A,21,0
tRNA-Lys-CTT-1-2,G->C,12,0
tRNA-Lys-CTT-1-2,G->T,11,0
tRNA-Lys-CTT-1-2,C->A,11,0
tRNA-Lys-CTT-1-2,C->G,14,0
tRNA-Lys-CTT-1-2,C->T,22,0
tRNA-Lys-CTT-1-2,A->G,13,0
tRNA-Lys-CTT-1-2,A->C,7,0
tRNA-Lys-CTT-1-2,T->C,9,0
tRNA-Lys-CTT-1-2,T->G,8,0
tRNA-Lys-CTT-1-2,A->T,5,0
tRNA-Lys-CTT-1-2,T->A,2,0
TRI-AAT4-1,G->A,19,0
TRI-AAT4-1,G->C,10,0
TRI-AAT4-1,G->T,8,0
TRI-AAT4-1,C->A,11,0
TRI-AAT4-1,C->G,15,0
TRI-AAT4-1,C->T,21,0
TRI-AAT4-1,T->A,4,0
TRI-AAT4-1,T->C,7,0
TRI-AAT4-1,T->G,5,0
TRI-AAT4-1,A->C,10,0
TRI-AAT4-1,A->G,7,0
TRI-AAT4-1,A->T,2,0
tRNA-Lys-TTT-1-1,G->A,16,0
tRNA-Lys-TTT-1-1,G->T,8,0
tRNA-Lys-TTT-1-1,C->G,14,0
tRNA-Lys-TTT-1-1,C->T,17,1
tRNA-Lys-TTT-1-1,T->A,7,0
tRNA-Lys-TTT-1-1,G->C,12,0
tRNA-Lys-TTT-1-1,A->C,12,0
tRNA-Lys-TTT-1-1,A->G,15,0
tRNA-Lys-TTT-1-1,C->A,7,0
tRNA-Lys-TTT-1-1,T->C,9,0
tRNA-Lys-TTT-1-1,T->G,5,0
tRNA-Lys-TTT-1-1,A->T,1,0
TRA-AGC4-1,G->A,17,0
TRA-AGC4-1,G->T,9,0
TRA-AGC4-1,G->C,9,0
TRA-AGC4-1,A->C,10,0
TRA-AGC4-1,A->G,13,0
TRA-AGC4-1,A->T,6,0
TRA-AGC4-1,T->C,12,0
TRA-AGC4-1,T->G,8,0
TRA-AGC4-1,C->T,20,0
TRA-AGC4-1,T->A,5,0
TRA-AGC4-1,C->A,8,0
TRA-AGC4-1,C->G,11,0
tRNA-Lys-CTT-2-1,C->G,12,0
tRNA-Lys-CTT-2-1,C->T,18,0
tRNA-Lys-CTT-2-1,G->A,24,0
tRNA-Lys-CTT-2-1,G->C,15,0
tRNA-Lys-CTT-2-1,G->T,9,0
tRNA-Lys-CTT-2-1,C->A,6,0
tRNA-Lys-CTT-2-1,T->C,8,0
tRNA-Lys-CTT-2-1,T->G,6,0
tRNA-Lys-CTT-2-1,A->G,11,0
tRNA-Lys-CTT-2-1,A->C,5,0
tRNA-Lys-CTT-2-1,T->A,4,0
TRI-AAT5-1,G->A,24,0
TRI-AAT5-1,G->C,14,0
TRI-AAT5-1,C->A,13,0
TRI-AAT5-1,C->T,19,0
TRI-AAT5-1,C->G,10,0
TRI-AAT5-1,T->C,12,0
TRI-AAT5-1,T->G,9,0
TRI-AAT5-1,A->G,11,0
TRI-AAT5-1,G->T,11,0
TRI-AAT5-1,A->C,2,0
TRI-AAT5-1,A->T,6,0
TRI-AAT5-1,T->A,5,0
tRNA-Thr-TGT-1-1,G->A,16,0
tRNA-Thr-TGT-1-1,G->C,13,0
tRNA-Thr-TGT-1-1,G->T,3,0
tRNA-Thr-TGT-1-1,C->G,12,0
tRNA-Thr-TGT-1-1,C->T,18,0
tRNA-Thr-TGT-1-1,T->C,13,1
tRNA-Thr-TGT-1-1,C->A,4,0
tRNA-Thr-TGT-1-1,T->G,9,0
tRNA-Thr-TGT-1-1,A->C,8,0
tRNA-Thr-TGT-1-1,A->G,17,0
tRNA-Thr-TGT-1-1,T->A,2,0
tRNA-Thr-TGT-1-1,A->T,2,0
tRNA-Asp-GTC-1-1,C->A,9,0
tRNA-Asp-GTC-1-1,C->G,14,0
tRNA-Asp-GTC-1-1,C->T,19,0
tRNA-Asp-GTC-1-1,T->C,12,0
tRNA-Asp-GTC-1-1,T->G,9,0
tRNA-Asp-GTC-1-1,G->A,22,0
tRNA-Asp-GTC-1-1,G->C,12,0
tRNA-Asp-GTC-1-1,A->G,11,0
tRNA-Asp-GTC-1-1,A->T,3,0
tRNA-Asp-GTC-1-1,G->T,10,0
tRNA-Asp-GTC-1-1,A->C,6,0
tRNA-Lys-TTT-6-1,G->A,18,14
tRNA-Lys-TTT-6-1,G->T,8,0
tRNA-Lys-TTT-6-1,C->G,15,0
tRNA-Lys-TTT-6-1,C->T,19,2
tRNA-Lys-TTT-6-1,T->A,3,0
tRNA-Lys-TTT-6-1,T->C,12,0
tRNA-Lys-TTT-6-1,T->G,4,0
tRNA-Lys-TTT-6-1,G->C,10,0
tRNA-Lys-TTT-6-1,A->G,12,0
tRNA-Lys-TTT-6-1,A->C,7,0
tRNA-Lys-TTT-6-1,A->T,7,0
tRNA-Lys-TTT-6-1,C->A,9,0
TRF-GAA2-1,G->A,15,0
TRF-GAA2-1,G->T,5,0
TRF-GAA2-1,C->T,20,0
TRF-GAA2-1,C->A,12,0
TRF-GAA2-1,C->G,14,0
TRF-GAA2-1,A->C,10,0
TRF-GAA2-1,A->G,15,0
TRF-GAA2-1,G->C,9,0
TRF-GAA2-1,T->C,11,0
TRF-GAA2-1,A->T,5,0
TRF-GAA2-1,T->G,7,0
TRF-GAA2-1,T->A,3,0
TRP-TGG2-1,G->A,16,0
TRP-TGG2-1,G->C,13,0
TRP-TGG2-1,C->G,15,0
TRP-TGG2-1,C->T,24,0
TRP-TGG2-1,T->C,8,0
TRP-TGG2-1,G->T,8,0
TRP-TGG2-1,T->G,5,0
TRP-TGG2-1,A->G,10,0
TRP-TGG2-1,A->T,7,0
TRP-TGG2-1,A->C,8,0
TRP-TGG2-1,C->A,8,0
TRP-TGG2-1,T->A,1,0
TRT-TGT5-1,G->A,20,0
TRT-TGT5-1,C->T,18,0
TRT-TGT5-1,C->A,8,0
TRT-TGT5-1,C->G,12,0
TRT-TGT5-1,T->A,3,0
TRT-TGT5-1,T->C,14,0
TRT-TGT5-1,A->G,11,0
TRT-TGT5-1,A->T,4,0
TRT-TGT5-1,T->G,8,0
TRT-TGT5-1,G->C,13,0
TRT-TGT5-1,G->T,9,0
TRT-TGT5-1,A->C,6,0
TRR-TCG1-1,G->A,23,0
TRR-TCG1-1,G->T,10,0
TRR-TCG1-1,C->T,17,0
TRR-TCG1-1,C->A,7,0
TRR-TCG1-1,C->G,11,0
TRR-TCG1-1,T->A,4,0
TRR-TCG1-1,T->G,9,0
TRR-TCG1-1,A->C,7,0
TRR-TCG1-1,A->G,12,1
TRR-TCG1-1,T->C,8,0
TRR-TCG1-1,A->T,4,0
TRR-TCG1-1,G->C,10,0
MIR3689A,C->A,3,0
MIR3689A,G->A,3,0
MIR3689A,A->G,6,0
MIR3689A,C->G,6,0
MIR3689A,C->T,11,0
MIR3689A,A->C,5,0
MIR3689A,T->A,4,0
MIR3689A,T->C,3,0
MIR3689A,T->G,4,0
MIR3689A,G->C,2,0
MIR3689A,G->T,4,0
MIR3689A,A->T,1,0
tRNA-Ala-CGC-3-1,G->A,18,0
tRNA-Ala-CGC-3-1,G->C,14,0
tRNA-Ala-CGC-3-1,G->T,9,0
tRNA-Ala-CGC-3-1,A->C,5,0
tRNA-Ala-CGC-3-1,A->G,9,0
tRNA-Ala-CGC-3-1,T->C,12,0
tRNA-Ala-CGC-3-1,T->G,7,0
tRNA-Ala-CGC-3-1,T->A,4,0
tRNA-Ala-CGC-3-1,C->T,19,1
tRNA-Ala-CGC-3-1,A->T,3,0
tRNA-Ala-CGC-3-1,C->G,10,0
tRNA-Ala-CGC-3-1,C->A,8,0
TRE-TTC5-1,C->G,11,0
TRE-TTC5-1,C->T,14,1
TRE-TTC5-1,G->A,20,3
TRE-TTC5-1,G->C,12,1
TRE-TTC5-1,G->T,7,0
TRE-TTC5-1,T->C,8,1
TRE-TTC5-1,T->G,8,0
TRE-TTC5-1,A->G,10,2
TRE-TTC5-1,A->T,3,0
TRE-TTC5-1,A->C,4,0
TRE-TTC5-1,C->A,6,0
TRE-TTC5-1,T->A,3,0
TRV-AAC5-1,T->C,14,0
TRV-AAC5-1,T->G,6,0
TRV-AAC5-1,C->G,14,42
TRV-AAC5-1,C->T,17,0
TRV-AAC5-1,C->A,7,0
TRV-AAC5-1,A->C,6,0
TRV-AAC5-1,A->G,11,1
TRV-AAC5-1,G->C,13,0
TRV-AAC5-1,G->A,15,5
TRV-AAC5-1,A->T,5,0
TRV-AAC5-1,T->A,2,0
TRV-AAC5-1,G->T,6,0
TRR-ACG2-3,G->A,17,0
TRR-ACG2-3,G->C,11,0
TRR-ACG2-3,A->C,10,0
TRR-ACG2-3,A->G,10,0
TRR-ACG2-3,C->A,12,0
TRR-ACG2-3,C->G,10,0
TRR-ACG2-3,C->T,20,0
TRR-ACG2-3,G->T,4,0
TRR-ACG2-3,A->T,3,0
TRR-ACG2-3,T->C,14,0
TRR-ACG2-3,T->G,5,0
TRR-ACG2-3,T->A,4,0
TRT-AGT1-2,C->G,11,0
TRT-AGT1-2,C->T,16,0
TRT-AGT1-2,G->A,18,0
TRT-AGT1-2,G->T,10,0
TRT-AGT1-2,G->C,12,0
TRT-AGT1-2,T->C,12,0
TRT-AGT1-2,T->G,4,0
TRT-AGT1-2,T->A,5,0
TRT-AGT1-2,A->G,11,0
TRT-AGT1-2,C->A,9,0
TRT-AGT1-2,A->C,5,0
TRT-AGT1-2,A->T,1,0
TRL-TAA4-1,A->T,3,2
TRL-TAA4-1,C->G,12,0
TRL-TAA4-1,C->T,25,1
TRL-TAA4-1,G->A,19,0
TRL-TAA4-1,G->C,10,0
TRL-TAA4-1,G->T,6,0
TRL-TAA4-1,T->G,10,4
TRL-TAA4-1,C->A,10,0
TRL-TAA4-1,T->C,12,2
TRL-TAA4-1,A->G,10,2
TRL-TAA4-1,A->C,6,0
TRL-TAA4-1,T->A,3,0
tRNA-Ala-TGC-3-1,G->A,17,0
tRNA-Ala-TGC-3-1,G->T,6,0
tRNA-Ala-TGC-3-1,A->C,3,0
tRNA-Ala-TGC-3-1,A->G,10,0
tRNA-Ala-TGC-3-1,T->A,5,0
tRNA-Ala-TGC-3-1,T->C,15,0
tRNA-Ala-TGC-3-1,T->G,9,0
tRNA-Ala-TGC-3-1,C->G,10,0
tRNA-Ala-TGC-3-1,C->T,17,0
tRNA-Ala-TGC-3-1,G->C,4,0
tRNA-Ala-TGC-3-1,C->A,10,0
tRNA-Ala-TGC-3-1,A->T,3,0
SYT15-AS1,G->A,88,14
SYT15-AS1,T->C,52,38
SYT15-AS1,A->G,46,105
SYT15-AS1,C->A,40,1
SYT15-AS1,C->T,89,156
SYT15-AS1,A->T,35,119
SYT15-AS1,T->G,36,0
SYT15-AS1,G->C,27,0
SYT15-AS1,C->G,37,12
SYT15-AS1,T->A,31,37
SYT15-AS1,A->C,14,0
SYT15-AS1,G->T,38,14
TRR-TCG3-1,A->G,12,0
TRR-TCG3-1,C->G,10,0
TRR-TCG3-1,C->T,16,0
TRR-TCG3-1,C->A,5,0
TRR-TCG3-1,G->A,22,0
TRR-TCG3-1,G->C,11,0
TRR-TCG3-1,G->T,10,0
TRR-TCG3-1,T->C,12,0
TRR-TCG3-1,A->C,6,0
TRR-TCG3-1,A->T,2,0
TRR-TCG3-1,T->G,10,0
TRR-TCG3-1,T->A,5,0
TRS-AGA2-6,T->A,11,0
TRS-AGA2-6,T->C,20,0
TRS-AGA2-6,A->C,14,0
TRS-AGA2-6,A->G,20,0
TRS-AGA2-6,G->A,45,1
TRS-AGA2-6,C->A,16,0
TRS-AGA2-6,C->G,26,0
TRS-AGA2-6,C->T,37,0
TRS-AGA2-6,T->G,13,0
TRS-AGA2-6,G->C,19,0
TRS-AGA2-6,G->T,14,0
TRS-AGA2-6,A->T,7,0
tRNA-Ser-TGA-2-1,T->A,5,0
tRNA-Ser-TGA-2-1,T->C,13,0
tRNA-Ser-TGA-2-1,A->G,9,0
tRNA-Ser-TGA-2-1,G->C,9,0
tRNA-Ser-TGA-2-1,C->G,14,0
tRNA-Ser-TGA-2-1,C->T,19,0
tRNA-Ser-TGA-2-1,G->A,20,0
tRNA-Ser-TGA-2-1,G->T,13,0
tRNA-Ser-TGA-2-1,T->G,9,0
tRNA-Ser-TGA-2-1,C->A,7,0
tRNA-Ser-TGA-2-1,A->C,10,3
tRNA-Ser-TGA-2-1,A->T,4,0
lnc-SLCO4A1-8,G->A,61,2
lnc-SLCO4A1-8,G->C,29,0
lnc-SLCO4A1-8,A->G,11,0
lnc-SLCO4A1-8,G->T,24,0
lnc-SLCO4A1-8,C->G,43,12
lnc-SLCO4A1-8,C->T,85,1
lnc-SLCO4A1-8,C->A,24,0
lnc-SLCO4A1-8,T->C,37,14
lnc-SLCO4A1-8,A->C,11,0
lnc-SLCO4A1-8,T->G,8,0
lnc-SLCO4A1-8,T->A,8,0
lnc-SLCO4A1-8,A->T,3,1
lnc-SLCO4A1-8,G->GCCCTC,0,3
lnc-SLCO4A1-8,GC->G,0,1
tRNA-Ile-AAT-1-1,C->A,10,0
tRNA-Ile-AAT-1-1,C->T,19,0
tRNA-Ile-AAT-1-1,C->G,8,0
tRNA-Ile-AAT-1-1,G->A,20,0
tRNA-Ile-AAT-1-1,G->C,14,0
tRNA-Ile-AAT-1-1,G->T,16,0
tRNA-Ile-AAT-1-1,T->G,6,0
tRNA-Ile-AAT-1-1,A->G,10,0
tRNA-Ile-AAT-1-1,A->T,6,0
tRNA-Ile-AAT-1-1,T->A,2,0
tRNA-Ile-AAT-1-1,T->C,10,4
tRNA-Ile-AAT-1-1,A->C,4,0
tRNA-Gln-TTG-3-1,G->A,16,0
tRNA-Gln-TTG-3-1,G->C,11,0
tRNA-Gln-TTG-3-1,T->C,12,0
tRNA-Gln-TTG-3-1,C->G,8,0
tRNA-Gln-TTG-3-1,C->T,17,0
tRNA-Gln-TTG-3-1,C->A,7,0
tRNA-Gln-TTG-3-1,A->G,12,0
tRNA-Gln-TTG-3-1,A->C,8,0
tRNA-Gln-TTG-3-1,A->T,3,0
tRNA-Gln-TTG-3-1,G->T,8,0
tRNA-Gln-TTG-3-1,T->G,4,0
tRNA-Gln-TTG-3-1,T->A,1,0
TRQ-CTG6-1,G->A,18,0
TRQ-CTG6-1,G->C,16,0
TRQ-CTG6-1,G->T,6,0
TRQ-CTG6-1,T->C,10,0
TRQ-CTG6-1,T->G,6,0
TRQ-CTG6-1,C->G,10,0
TRQ-CTG6-1,C->T,17,0
TRQ-CTG6-1,A->G,12,0
TRQ-CTG6-1,C->A,4,0
TRQ-CTG6-1,A->C,10,0
TRQ-CTG6-1,A->T,6,0
TRQ-CTG6-1,T->A,4,0
TRK-TTT7-1,C->G,11,8
TRK-TTT7-1,C->T,15,4
TRK-TTT7-1,T->A,5,0
TRK-TTT7-1,T->C,16,8
TRK-TTT7-1,G->A,16,9
TRK-TTT7-1,G->C,7,0
TRK-TTT7-1,A->C,8,0
TRK-TTT7-1,A->G,13,0
TRK-TTT7-1,T->G,6,0
TRK-TTT7-1,G->T,5,0
TRK-TTT7-1,C->A,11,0
TRK-TTT7-1,A->T,1,0
TRT-TGT2-1,G->A,18,0
TRT-TGT2-1,G->C,13,1
TRT-TGT2-1,C->A,6,0
TRT-TGT2-1,C->G,10,0
TRT-TGT2-1,C->T,18,0
TRT-TGT2-1,T->G,5,0
TRT-TGT2-1,A->G,7,0
TRT-TGT2-1,T->C,11,0
TRT-TGT2-1,A->T,3,0
TRT-TGT2-1,G->T,5,0
TRT-TGT2-1,T->A,3,0
TRT-TGT2-1,A->C,3,0
TRV-CAC1-5,G->A,18,0
TRV-CAC1-5,G->C,10,0
TRV-CAC1-5,T->C,13,0
TRV-CAC1-5,T->A,3,0
TRV-CAC1-5,C->T,18,0
TRV-CAC1-5,G->T,11,0
TRV-CAC1-5,C->G,10,0
TRV-CAC1-5,C->A,9,0
TRV-CAC1-5,A->C,3,0
TRV-CAC1-5,A->G,6,0
TRV-CAC1-5,T->G,6,0
tRNA-Ala-CGC-1-1,G->A,20,0
tRNA-Ala-CGC-1-1,G->T,9,0
tRNA-Ala-CGC-1-1,A->G,11,0
tRNA-Ala-CGC-1-1,A->T,3,0
tRNA-Ala-CGC-1-1,T->A,7,0
tRNA-Ala-CGC-1-1,T->C,15,0
tRNA-Ala-CGC-1-1,T->G,10,0
tRNA-Ala-CGC-1-1,C->T,18,0
tRNA-Ala-CGC-1-1,C->A,7,0
tRNA-Ala-CGC-1-1,A->C,7,0
tRNA-Ala-CGC-1-1,G->C,7,0
tRNA-Ala-CGC-1-1,C->G,8,0
TRX-CAT1-5,G->C,7,0
TRX-CAT1-5,C->T,15,0
TRX-CAT1-5,A->G,12,0
TRX-CAT1-5,G->A,19,0
TRX-CAT1-5,G->T,5,0
TRX-CAT1-5,A->C,7,0
TRX-CAT1-5,A->T,4,0
TRX-CAT1-5,C->G,5,0
TRX-CAT1-5,T->C,8,0
TRX-CAT1-5,C->A,1,0
TRX-CAT1-5,T->G,4,0
TRX-CAT1-5,T->A,1,0
tRNA-Val-CAC-1-3,G->A,17,0
tRNA-Val-CAC-1-3,T->C,8,0
tRNA-Val-CAC-1-3,C->T,16,0
tRNA-Val-CAC-1-3,G->C,8,0
tRNA-Val-CAC-1-3,G->T,7,0
tRNA-Val-CAC-1-3,C->G,9,0
tRNA-Val-CAC-1-3,T->G,3,0
tRNA-Val-CAC-1-3,A->G,10,0
tRNA-Val-CAC-1-3,A->T,3,0
tRNA-Val-CAC-1-3,C->A,5,0
tRNA-Val-CAC-1-3,T->A,1,0
tRNA-Val-CAC-1-3,A->C,3,0
tRNA-Val-CAC-1-3,T->TA,0,2
SNAR-G1,C->G,14,0
SNAR-G1,C->T,20,0
SNAR-G1,G->A,34,0
SNAR-G1,G->C,19,0
SNAR-G1,G->T,19,0
SNAR-G1,A->G,14,0
SNAR-G1,C->A,9,0
SNAR-G1,A->T,8,0
SNAR-G1,T->A,9,0
SNAR-G1,T->C,13,0
SNAR-G1,A->C,7,12
SNAR-G1,T->G,12,0
tRNA-Arg-TCG-4-1,A->C,7,0
tRNA-Arg-TCG-4-1,A->G,11,0
tRNA-Arg-TCG-4-1,C->A,5,0
tRNA-Arg-TCG-4-1,C->G,8,0
tRNA-Arg-TCG-4-1,C->T,14,0
tRNA-Arg-TCG-4-1,A->T,6,0
tRNA-Arg-TCG-4-1,G->A,17,0
tRNA-Arg-TCG-4-1,G->C,10,0
tRNA-Arg-TCG-4-1,T->A,5,0
tRNA-Arg-TCG-4-1,T->C,15,0
tRNA-Arg-TCG-4-1,G->T,3,0
tRNA-Arg-TCG-4-1,T->G,5,0
TRC-GCA11-1,G->A,15,0
TRC-GCA11-1,G->T,6,0
TRC-GCA11-1,G->C,11,0
TRC-GCA11-1,C->G,9,0
TRC-GCA11-1,C->T,18,9
TRC-GCA11-1,C->A,9,0
TRC-GCA11-1,A->C,9,0
TRC-GCA11-1,A->G,9,0
TRC-GCA11-1,T->C,10,0
TRC-GCA11-1,A->T,4,0
TRC-GCA11-1,T->G,3,0
TRC-GCA11-1,T->A,1,0
TRD-GTC2-8,C->G,11,0
TRD-GTC2-8,C->A,14,0
TRD-GTC2-8,C->T,12,0
TRD-GTC2-8,T->A,2,0
TRD-GTC2-8,T->G,2,0
TRD-GTC2-8,G->A,12,4
TRD-GTC2-8,G->T,8,0
TRD-GTC2-8,A->G,4,0
TRD-GTC2-8,T->C,6,9
TRD-GTC2-8,G->C,7,0
TRD-GTC2-8,A->T,3,0
TRD-GTC2-8,A->C,1,0
TRA-AGC15-1,G->A,19,0
TRA-AGC15-1,G->T,11,1
TRA-AGC15-1,A->G,11,1
TRA-AGC15-1,T->C,9,2
TRA-AGC15-1,C->G,6,0
TRA-AGC15-1,C->T,16,6
TRA-AGC15-1,A->C,3,0
TRA-AGC15-1,A->T,2,0
TRA-AGC15-1,G->C,14,0
TRA-AGC15-1,C->A,3,0
TRA-AGC15-1,T->G,6,0
TRA-AGC15-1,T->A,5,0
TRA-AGC15-1,C->CT,0,1
tRNA-Ser-GCT-2-1,A->G,10,0
tRNA-Ser-GCT-2-1,C->A,9,0
tRNA-Ser-GCT-2-1,C->G,12,0
tRNA-Ser-GCT-2-1,C->T,21,1
tRNA-Ser-GCT-2-1,G->A,24,0
tRNA-Ser-GCT-2-1,A->T,7,0
tRNA-Ser-GCT-2-1,G->C,10,0
tRNA-Ser-GCT-2-1,T->C,14,1
tRNA-Ser-GCT-2-1,T->G,11,0
tRNA-Ser-GCT-2-1,A->C,7,0
tRNA-Ser-GCT-2-1,G->T,3,0
tRNA-Ser-GCT-2-1,T->A,4,0
tRNA-Ser,G->A,19,0
tRNA-Ser,G->C,11,0
tRNA-Ser,G->T,9,1
tRNA-Ser,T->C,11,0
tRNA-Ser,A->G,14,0
tRNA-Ser,C->A,9,0
tRNA-Ser,C->G,12,0
tRNA-Ser,C->T,22,0
tRNA-Ser,A->T,4,0
tRNA-Ser,A->C,6,0
tRNA-Ser,T->A,2,0
tRNA-Ser,T->G,1,1
RNU6-9,A->G,18,3
RNU6-9,T->C,24,0
RNU6-9,T->G,6,0
RNU6-9,A->T,6,0
RNU6-9,T->A,2,0
RNU6-9,G->A,21,0
RNU6-9,G->C,17,0
RNU6-9,G->T,10,0
RNU6-9,A->C,8,0
RNU6-9,C->T,20,0
RNU6-9,C->G,7,0
RNU6-9,C->A,6,0
TRC-GCA4-1,G->A,17,0
TRC-GCA4-1,G->T,9,0
TRC-GCA4-1,G->C,8,0
TRC-GCA4-1,C->A,2,0
TRC-GCA4-1,C->G,9,0
TRC-GCA4-1,C->T,18,0
TRC-GCA4-1,T->A,3,0
TRC-GCA4-1,T->C,8,0
TRC-GCA4-1,T->G,6,0
TRC-GCA4-1,A->C,4,0
TRC-GCA4-1,A->T,6,0
TRC-GCA4-1,A->G,11,0
TRL-AAG2-4,G->A,25,0
TRL-AAG2-4,T->G,10,0
TRL-AAG2-4,A->G,8,0
TRL-AAG2-4,G->C,10,1
TRL-AAG2-4,G->T,13,1
TRL-AAG2-4,C->A,10,0
TRL-AAG2-4,C->G,12,2
TRL-AAG2-4,C->T,23,0
TRL-AAG2-4,T->C,11,0
TRL-AAG2-4,T->A,7,0
TRL-AAG2-4,A->C,4,0
TRL-AAG2-4,A->T,1,0
TRN-GTT2-4,G->A,12,1
TRN-GTT2-4,G->C,6,0
TRN-GTT2-4,G->T,7,0
TRN-GTT2-4,C->T,20,1
TRN-GTT2-4,T->C,7,0
TRN-GTT2-4,T->G,4,0
TRN-GTT2-4,T->A,4,0
TRN-GTT2-4,C->A,13,0
TRN-GTT2-4,C->G,5,0
TRN-GTT2-4,A->C,2,0
TRN-GTT2-4,A->G,6,0
TRA-CGC2-1,G->A,20,0
TRA-CGC2-1,G->C,11,0
TRA-CGC2-1,A->G,9,0
TRA-CGC2-1,T->C,8,0
TRA-CGC2-1,T->G,1,0
TRA-CGC2-1,C->G,10,0
TRA-CGC2-1,C->T,22,0
TRA-CGC2-1,C->A,6,0
TRA-CGC2-1,G->T,2,0
TRA-CGC2-1,A->C,4,0
TRA-CGC2-1,A->T,1,0
TRA-CGC2-1,T->A,1,0
RCCD1-AS1,G->C,8,0
RCCD1-AS1,G->T,7,0
RCCD1-AS1,C->T,11,0
RCCD1-AS1,G->A,16,0
RCCD1-AS1,T->C,10,0
RCCD1-AS1,C->G,5,0
RCCD1-AS1,A->G,10,0
RCCD1-AS1,A->T,2,0
RCCD1-AS1,A->C,9,0
RCCD1-AS1,T->G,2,0
RCCD1-AS1,C->A,5,0
RCCD1-AS1,T->A,2,0
RCCD1-AS1,CTCTT->C,0,1
TRG-CCC2-1,G->A,21,0
TRG-CCC2-1,G->C,14,1
TRG-CCC2-1,G->T,7,0
TRG-CCC2-1,C->G,8,0
TRG-CCC2-1,C->T,19,0
TRG-CCC2-1,T->C,7,0
TRG-CCC2-1,T->G,4,0
TRG-CCC2-1,A->C,8,0
TRG-CCC2-1,A->G,8,0
TRG-CCC2-1,A->T,3,0
TRG-CCC2-1,C->A,8,0
TRQ-TTG2-1,T->C,13,0
TRQ-TTG2-1,C->T,14,0
TRQ-TTG2-1,C->A,6,0
TRQ-TTG2-1,A->C,4,0
TRQ-TTG2-1,A->G,11,0
TRQ-TTG2-1,T->G,6,0
TRQ-TTG2-1,G->T,4,0
TRQ-TTG2-1,G->A,13,0
TRQ-TTG2-1,G->C,6,0
TRQ-TTG2-1,C->G,6,0
TRQ-TTG2-1,A->T,3,0
tRNA-Val-AAC-3-1,G->A,15,0
tRNA-Val-AAC-3-1,T->C,15,1
tRNA-Val-AAC-3-1,T->G,6,0
tRNA-Val-AAC-3-1,C->G,9,1
tRNA-Val-AAC-3-1,C->T,16,1
tRNA-Val-AAC-3-1,G->C,9,0
tRNA-Val-AAC-3-1,G->T,7,10
tRNA-Val-AAC-3-1,A->G,10,0
tRNA-Val-AAC-3-1,C->A,6,7
tRNA-Val-AAC-3-1,A->C,2,0
tRNA-Val-AAC-3-1,A->T,2,0
tRNA-Val-AAC-3-1,T->A,1,0
tRNA-Ala-TGC-2-1,G->A,20,0
tRNA-Ala-TGC-2-1,G->C,11,0
tRNA-Ala-TGC-2-1,G->T,5,0
tRNA-Ala-TGC-2-1,A->G,10,0
tRNA-Ala-TGC-2-1,T->G,6,0
tRNA-Ala-TGC-2-1,T->C,9,0
tRNA-Ala-TGC-2-1,C->G,6,0
tRNA-Ala-TGC-2-1,C->T,17,0
tRNA-Ala-TGC-2-1,A->T,3,0
tRNA-Ala-TGC-2-1,T->A,4,0
tRNA-Ala-TGC-2-1,A->C,5,0
tRNA-Ala-TGC-2-1,C->A,5,0
tRNA-Asn-GTT-4-1,T->C,5,0
tRNA-Asn-GTT-4-1,C->T,15,2
tRNA-Asn-GTT-4-1,T->A,2,0
tRNA-Asn-GTT-4-1,G->A,9,0
tRNA-Asn-GTT-4-1,G->T,8,0
tRNA-Asn-GTT-4-1,A->G,7,1
tRNA-Asn-GTT-4-1,G->C,9,0
tRNA-Asn-GTT-4-1,T->G,5,0
tRNA-Asn-GTT-4-1,C->G,7,0
tRNA-Asn-GTT-4-1,A->C,4,0
tRNA-Asn-GTT-4-1,C->A,6,6
tRNA-Asn-GTT-4-1,A->T,2,0
tRNA-Ser-CGA-2-1,C->G,11,0
tRNA-Ser-CGA-2-1,C->T,21,2
tRNA-Ser-CGA-2-1,T->C,8,0
tRNA-Ser-CGA-2-1,G->A,20,0
tRNA-Ser-CGA-2-1,G->C,7,0
tRNA-Ser-CGA-2-1,C->A,7,0
tRNA-Ser-CGA-2-1,G->T,9,0
tRNA-Ser-CGA-2-1,T->G,5,0
tRNA-Ser-CGA-2-1,A->C,4,0
tRNA-Ser-CGA-2-1,A->G,9,0
tRNA-Ser-CGA-2-1,A->T,6,0
tRNA-Ser-CGA-2-1,T->A,2,0
tRNA-Asn-GTT-3-2,C->G,4,0
tRNA-Asn-GTT-3-2,C->T,16,3
tRNA-Asn-GTT-3-2,G->A,15,1
tRNA-Asn-GTT-3-2,C->A,7,0
tRNA-Asn-GTT-3-2,G->T,8,0
tRNA-Asn-GTT-3-2,A->C,5,0
tRNA-Asn-GTT-3-2,A->G,7,0
tRNA-Asn-GTT-3-2,G->C,4,0
tRNA-Asn-GTT-3-2,T->C,5,0
tRNA-Asn-GTT-3-2,A->T,3,0
tRNA-Asn-GTT-3-2,T->G,1,0
tRNA-Asn-GTT-3-2,T->A,2,0
LINC01671,T->A,31,1
LINC01671,A->C,83,4
LINC01671,G->A,56,5
LINC01671,G->C,37,74
LINC01671,C->T,210,1
LINC01671,A->T,45,0
LINC01671,A->G,106,42
LINC01671,T->C,64,218
LINC01671,C->G,61,25
LINC01671,G->T,19,0
LINC01671,T->G,21,0
LINC01671,C->A,101,0
LINC01671,TAC->T,0,1
LINC01671,CAC->C,0,1
LINC01671,ACA->A,0,3
LINC01671,CA->C,0,88
SNAR-F,C->A,7,19
SNAR-F,C->G,7,0
SNAR-F,C->T,19,0
SNAR-F,G->A,26,3
SNAR-F,G->C,10,0
SNAR-F,A->G,16,0
SNAR-F,T->C,11,38
SNAR-F,T->G,4,0
SNAR-F,G->T,4,0
SNAR-F,A->C,4,0
SNAR-F,A->T,4,0
SNAR-F,T->A,5,0
BLACE,C->A,11,0
BLACE,C->T,27,29
BLACE,G->A,25,2
BLACE,G->C,9,0
BLACE,G->T,14,0
BLACE,C->G,14,0
BLACE,T->C,6,0
BLACE,T->G,3,0
BLACE,A->C,1,0
BLACE,A->G,3,0
BLACE,A->T,1,0
BLACE,C->CAGGCGGGGGGCTGATCCCCCCACCTCCCTCCCGGACGGGGCGGCTGGCC,0,18
BLACE,CC->C,0,33
tRNA-Lys-TTT-5-1,C->A,7,0
tRNA-Lys-TTT-5-1,C->T,15,3
tRNA-Lys-TTT-5-1,C->G,10,0
tRNA-Lys-TTT-5-1,G->A,18,57
tRNA-Lys-TTT-5-1,A->G,8,0
tRNA-Lys-TTT-5-1,T->A,2,0
tRNA-Lys-TTT-5-1,T->G,7,0
tRNA-Lys-TTT-5-1,G->T,10,0
tRNA-Lys-TTT-5-1,T->C,12,0
tRNA-Lys-TTT-5-1,G->C,10,0
tRNA-Lys-TTT-5-1,A->C,2,0
tRNA-Arg-CCT-2-1,A->C,9,0
tRNA-Arg-CCT-2-1,C->A,8,0
tRNA-Arg-CCT-2-1,C->G,15,0
tRNA-Arg-CCT-2-1,C->T,19,0
tRNA-Arg-CCT-2-1,G->A,19,0
tRNA-Arg-CCT-2-1,G->C,9,0
tRNA-Arg-CCT-2-1,T->G,9,0
tRNA-Arg-CCT-2-1,G->T,3,0
tRNA-Arg-CCT-2-1,A->G,7,0
tRNA-Arg-CCT-2-1,T->A,1,0
tRNA-Arg-CCT-2-1,A->T,4,0
tRNA-Arg-CCT-2-1,T->C,8,0
