Chromosome,Start,End,HGNC GeneID ,GeneName,SNP_density,rna_type,UCSC_Link
chr1,11908154,11908272,HGNC:10215,RNU5E-1,2.739495,snRNA,https://genome.ucsc.edu/cgi-bin/hgTracks?db=hg38&position=chr1:11908154-11908272
chr1,44731069,44731168,HGNC:10214,RNU5D-1,2.66,snRNA,https://genome.ucsc.edu/cgi-bin/hgTracks?db=hg38&position=chr1:44731069-44731168
chr17,8173452,8173588,HGNC:32952,SNORD118,2.430656,snoRNA,https://genome.ucsc.edu/cgi-bin/hgTracks?db=hg38&position=chr17:8173452-8173588
chr19,50133745,50133864,HGNC:34317,SNAR-B2,2.391666,snaR RNA,https://genome.ucsc.edu/cgi-bin/hgTracks?db=hg38&position=chr19:50133745-50133864
chr1,16727285,16727355,HGNC:34604,TRG-CCC5-1,2.323943,tRNA,https://genome.ucsc.edu/cgi-bin/hgTracks?db=hg38&position=chr1:16727285-16727355
chr14,105858165,105858242,HGNC:41664,MIR4538 ,2.320512,pre_miRNA,https://genome.ucsc.edu/cgi-bin/hgTracks?db=hg38&position=chr14:105858165-105858242
chr19,47939541,47939660,HGNC:34322,SNAR-C4,2.316666,snaR RNA,https://genome.ucsc.edu/cgi-bin/hgTracks?db=hg38&position=chr19:47939541-47939660
chr1,44721786,44721901,HGNC:10216,RNU5F-1,2.189655,snRNA,https://genome.ucsc.edu/cgi-bin/hgTracks?db=hg38&position=chr1:44721786-44721901
chr1,204506527,204506599,HGNC:34684,TRK-TTT3-2,2.09589,tRNA,https://genome.ucsc.edu/cgi-bin/hgTracks?db=hg38&position=chr1:204506527-204506599
chr1,16872583,16872654,HGNC:12265,TRE-TTC3-1,2.083333,tRNA,https://genome.ucsc.edu/cgi-bin/hgTracks?db=hg38&position=chr1:16872583-16872654
chr1,16545939,16546009,HGNC:38580,TRG1,2.028169,tRNA,https://genome.ucsc.edu/cgi-bin/hgTracks?db=hg38&position=chr1:16545939-16546009
chr6,28695932,28696003,HGNC:34963,TRA-CGC5-1-001,1.916666,tRNA,https://genome.ucsc.edu/cgi-bin/hgTracks?db=hg38&position=chr6:28695932-28696003
chr1,16678271,16678341,HGNC:35059,tRNA-Gly-CCC-4-1,1.887323,tRNA,https://genome.ucsc.edu/cgi-bin/hgTracks?db=hg38&position=chr1:16678271-16678341
chr1,146035692,146035763,HGNC:34952,tRNA-Glu-CTC-1-2,1.875,tRNA,https://genome.ucsc.edu/cgi-bin/hgTracks?db=hg38&position=chr1:146035692-146035763
chr6,57800211,57800284,HGNC:35054,tRNA-Ile-AAT-12-1,1.851351,tRNA,https://genome.ucsc.edu/cgi-bin/hgTracks?db=hg38&position=chr6:57800211-57800284
chr1,161523847,161523917,HGNC:34948,tRNA-Gly-GCC-2-4,1.84507,tRNA,https://genome.ucsc.edu/cgi-bin/hgTracks?db=hg38&position=chr1:161523847-161523917
chr11,76235513,76235584,HGNC:34578,tRNA-Pro-AGG-2-4,1.805555,tRNA,https://genome.ucsc.edu/cgi-bin/hgTracks?db=hg38&position=chr11:76235513-76235584
chr1,121016845,121016915,HGNC:35073,TRG-CCC6-1,1.802816,tRNA,https://genome.ucsc.edu/cgi-bin/hgTracks?db=hg38&position=chr1:121016845-121016915
chr12,124939966,124940037,HGNC:34907,TRA-TGC4-1,1.75,tRNA,https://genome.ucsc.edu/cgi-bin/hgTracks?db=hg38&position=chr12:124939966-124940037
chr16,3191989,3192060,HGNC:34579,TRP-AGG1-1,1.708333,tRNA,https://genome.ucsc.edu/cgi-bin/hgTracks?db=hg38&position=chr16:3191989-3192060
chr16,3157405,3157477,HGNC:34681,TRK-CTT3-1,1.69863,tRNA,https://genome.ucsc.edu/cgi-bin/hgTracks?db=hg38&position=chr16:3157405-3157477
chr1,16535279,16535350,HGNC:38581,tRNA-Glu-TTC-4-1,1.694444,tRNA,https://genome.ucsc.edu/cgi-bin/hgTracks?db=hg38&position=chr1:16535279-16535350
chr6,27618356,27618429,HGNC:34866,tRNA-Thr-CGT-5-1,1.689189,tRNA,https://genome.ucsc.edu/cgi-bin/hgTracks?db=hg38&position=chr6:27618356-27618429
chr19,4724070,4724141,HGNC:12274,TRG-TCC1-1,1.680555,tRNA,https://genome.ucsc.edu/cgi-bin/hgTracks?db=hg38&position=chr19:4724070-4724141
chr8,33513475,33513578,HGNC:32711,SNORD13,1.673076,snoRNA,https://genome.ucsc.edu/cgi-bin/hgTracks?db=hg38&position=chr8:33513475-33513578
chr19,4724635,4724707,HGNC:34985,tRNA-Val-CAC-3-1,1.616438,tRNA,https://genome.ucsc.edu/cgi-bin/hgTracks?db=hg38&position=chr19:4724635-4724707
chr14,20631160,20631232,HGNC:34988,tRNA-Thr-TGT-4-1,1.616438,tRNA,https://genome.ucsc.edu/cgi-bin/hgTracks?db=hg38&position=chr14:20631160-20631232
chr11,59550629,59550701,HGNC:34544,TRV-TAC1-1,1.616438,tRNA,https://genome.ucsc.edu/cgi-bin/hgTracks?db=hg38&position=chr11:59550629-59550701
chr19,47923779,47923899,HGNC:34306,SNAR-A1,1.603305,snaR RNA,https://genome.ucsc.edu/cgi-bin/hgTracks?db=hg38&position=chr19:47923779-47923899
chr13,62328756,62328835,HGNC:42808,LINC00459,1.6,lncRNA,https://genome.ucsc.edu/cgi-bin/hgTracks?db=hg38&position=chr13:62328756-62328835
chr14,20633006,20633077,HGNC:34852,tRNA-Pro-TGG-1-1,1.583333,tRNA,https://genome.ucsc.edu/cgi-bin/hgTracks?db=hg38&position=chr14:20633006-20633077
chr14,105917979,105918817,HGNC:19955,FAM30A,1.572109,lncRNA,https://genome.ucsc.edu/cgi-bin/hgTracks?db=hg38&position=chr14:105917979-105918817
chr6,27547752,27547823,HGNC:34831,tRNA-Gln-CTG-2-1,1.569444,tRNA,https://genome.ucsc.edu/cgi-bin/hgTracks?db=hg38&position=chr6:27547752-27547823
chr16,3152900,3152972,HGNC:34730,tRNA-Arg-CCT-3-1,1.561643,tRNA,https://genome.ucsc.edu/cgi-bin/hgTracks?db=hg38&position=chr16:3152900-3152972
chr5,181188416,181188488,HGNC:34543,TRV,1.561643,tRNA,https://genome.ucsc.edu/cgi-bin/hgTracks?db=hg38&position=chr5:181188416-181188488
chr12,124927843,124927915,HGNC:34699,TRF-GAA1-4,1.547945,tRNA,https://genome.ucsc.edu/cgi-bin/hgTracks?db=hg38&position=chr12:124927843-124927915
chr6,27777885,27777956,HGNC:12322,tRNA-iMet-CAT-2-1,1.541666,tRNA,https://genome.ucsc.edu/cgi-bin/hgTracks?db=hg38&position=chr6:27777885-27777956
chr19,47950296,47950414,HGNC:34321,SNAR-C3,1.537815,snaR RNA,https://genome.ucsc.edu/cgi-bin/hgTracks?db=hg38&position=chr19:47950296-47950414
chr6,26571864,26571936,HGNC:33253,TRA-AGC11-1,1.534246,tRNA,https://genome.ucsc.edu/cgi-bin/hgTracks?db=hg38&position=chr6:26571864-26571936
chr14,20625370,20625451,HGNC:34713,TRL-TAG2-1,1.52439,tRNA,https://genome.ucsc.edu/cgi-bin/hgTracks?db=hg38&position=chr14:20625370-20625451
chr16,87384022,87384094,HGNC:34789,tRNA-Met-CAT-6-1,1.520547,tRNA,https://genome.ucsc.edu/cgi-bin/hgTracks?db=hg38&position=chr16:87384022-87384094
chr6,28944575,28944647,HGNC:34779,TRM-CAT3-2,1.506849,tRNA,https://genome.ucsc.edu/cgi-bin/hgTracks?db=hg38&position=chr6:28944575-28944647
chr16,57299951,57300033,HGNC:34692,tRNA-Leu-CAG-2-2,1.506024,tRNA,https://genome.ucsc.edu/cgi-bin/hgTracks?db=hg38&position=chr16:57299951-57300033
chr6,28795964,28796035,HGNC:34914,TRA-AGC1-1,1.472222,tRNA,https://genome.ucsc.edu/cgi-bin/hgTracks?db=hg38&position=chr6:28795964-28796035
chr17,8221548,8221619,HGNC:34769,tRNA-Gly-TCC-3-1,1.458333,tRNA,https://genome.ucsc.edu/cgi-bin/hgTracks?db=hg38&position=chr17:8221548-8221619
chr16,3180554,3180626,HGNC:34772,tRNA-Lys-CTT-5-1,1.452054,tRNA,https://genome.ucsc.edu/cgi-bin/hgTracks?db=hg38&position=chr16:3180554-3180626
chr6,27688188,27688261,HGNC:34630,tRNA-Ile-AAT-2-1,1.445945,tRNA,https://genome.ucsc.edu/cgi-bin/hgTracks?db=hg38&position=chr6:27688188-27688261
chr6,28729315,28729386,HGNC:34592,TRA-CGC4-1,1.444444,tRNA,https://genome.ucsc.edu/cgi-bin/hgTracks?db=hg38&position=chr6:28729315-28729386
chr6,27591814,27591886,HGNC:34612,TRK-TTT4-1,1.438356,tRNA,https://genome.ucsc.edu/cgi-bin/hgTracks?db=hg38&position=chr6:27591814-27591886
chr19,49031669,49031787,HGNC:34328,SNAR-G2,1.436974,snaR RNA,https://genome.ucsc.edu/cgi-bin/hgTracks?db=hg38&position=chr19:49031669-49031787
chr1,161540241,161540314,HGNC:34688,tRNA-Asn-GTT-1-1,1.432432,tRNA,https://genome.ucsc.edu/cgi-bin/hgTracks?db=hg38&position=chr1:161540241-161540314
chr13,44917927,44917998,HGNC:34589,TRE-TTC2-1,1.430555,tRNA,https://genome.ucsc.edu/cgi-bin/hgTracks?db=hg38&position=chr13:44917927-44917998
chr16,22195711,22195792,HGNC:34591,tRNA-Leu-TAG-3-1,1.402439,tRNA,https://genome.ucsc.edu/cgi-bin/hgTracks?db=hg38&position=chr16:22195711-22195792
chr1,145157157,145157229,HGNC:35050,Val-tRNA,1.39726,tRNA,https://genome.ucsc.edu/cgi-bin/hgTracks?db=hg38&position=chr1:145157157-145157229
chr1,150045406,150045476,HGNC:34678,TRA-AGC20-1,1.394366,tRNA,https://genome.ucsc.edu/cgi-bin/hgTracks?db=hg38&position=chr1:150045406-150045476
chr5,181188854,181188925,HGNC:12332,tRNA-Pro-TGG-3-3,1.388888,tRNA,https://genome.ucsc.edu/cgi-bin/hgTracks?db=hg38&position=chr5:181188854-181188925
chr6,26328140,26328212,HGNC:34964,tRNA-Arg-ACG-1-2,1.383561,tRNA,https://genome.ucsc.edu/cgi-bin/hgTracks?db=hg38&position=chr6:26328140-26328212
chr16,71426493,71426565,HGNC:34697,TRM-CAT2-1,1.383561,tRNA,https://genome.ucsc.edu/cgi-bin/hgTracks?db=hg38&position=chr16:71426493-71426565
chr6,27303789,27303860,HGNC:34821,tRNA-Thr-CGT-6-1,1.361111,tRNA,https://genome.ucsc.edu/cgi-bin/hgTracks?db=hg38&position=chr6:27303789-27303860
chr6,28710589,28710660,HGNC:34606,TRA-AGC5-1,1.361111,tRNA,https://genome.ucsc.edu/cgi-bin/hgTracks?db=hg38&position=chr6:28710589-28710660
chr6,27280270,27280342,HGNC:34931,tRNA-Val-CAC-2-1,1.356164,tRNA,https://genome.ucsc.edu/cgi-bin/hgTracks?db=hg38&position=chr6:27280270-27280342
chr14,58239895,58239967,HGNC:34668,tRNA-Lys-CTT-1-2,1.356164,tRNA,https://genome.ucsc.edu/cgi-bin/hgTracks?db=hg38&position=chr14:58239895-58239967
chr17,8226991,8227064,HGNC:34961,TRI-AAT4-1,1.351351,tRNA,https://genome.ucsc.edu/cgi-bin/hgTracks?db=hg38&position=chr17:8226991-8227064
chr16,73478317,73478389,HGNC:34687,tRNA-Lys-TTT-1-1,1.342465,tRNA,https://genome.ucsc.edu/cgi-bin/hgTracks?db=hg38&position=chr16:73478317-73478389
chr6,28658237,28658308,HGNC:34605,TRA-AGC4-1,1.333333,tRNA,https://genome.ucsc.edu/cgi-bin/hgTracks?db=hg38&position=chr6:28658237-28658308
chr1,146039401,146039473,HGNC:34761,tRNA-Lys-CTT-2-1,1.328767,tRNA,https://genome.ucsc.edu/cgi-bin/hgTracks?db=hg38&position=chr1:146039401-146039473
chr6,26554122,26554195,HGNC:34715,TRI-AAT5-1,1.324324,tRNA,https://genome.ucsc.edu/cgi-bin/hgTracks?db=hg38&position=chr6:26554122-26554195
chr6,28474552,28474625,HGNC:34912,tRNA-Thr-TGT-1-1,1.324324,tRNA,https://genome.ucsc.edu/cgi-bin/hgTracks?db=hg38&position=chr6:28474552-28474625
chr12,98503503,98503574,HGNC:34770,tRNA-Asp-GTC-1-1,1.305555,tRNA,https://genome.ucsc.edu/cgi-bin/hgTracks?db=hg38&position=chr12:98503503-98503574
chr6,27334990,27335062,HGNC:34745,tRNA-Lys-TTT-6-1,1.301369,tRNA,https://genome.ucsc.edu/cgi-bin/hgTracks?db=hg38&position=chr6:27334990-27335062
chr11,59566380,59566452,HGNC:33255,TRF-GAA2-1,1.301369,tRNA,https://genome.ucsc.edu/cgi-bin/hgTracks?db=hg38&position=chr11:59566380-59566452
chr11,76235825,76235896,HGNC:34787,TRP-TGG2-1,1.291666,tRNA,https://genome.ucsc.edu/cgi-bin/hgTracks?db=hg38&position=chr11:76235825-76235896
chr14,20681690,20681762,HGNC:34826,TRT-TGT5-1,1.287671,tRNA,https://genome.ucsc.edu/cgi-bin/hgTracks?db=hg38&position=chr14:20681690-20681762
chr15,89335073,89335145,HGNC:34827,TRR-TCG1-1,1.273972,tRNA,https://genome.ucsc.edu/cgi-bin/hgTracks?db=hg38&position=chr15:89335073-89335145
chr9,134849487,134849564,HGNC:38904,MIR3689A,1.26923,pre_miRNA,https://genome.ucsc.edu/cgi-bin/hgTracks?db=hg38&position=chr9:134849487-134849564
chr2,156400769,156400840,HGNC:34580,tRNA-Ala-CGC-3-1,1.263888,tRNA,https://genome.ucsc.edu/cgi-bin/hgTracks?db=hg38&position=chr2:156400769-156400840
chr1,161612718,161612789,HGNC:34590,TRE-TTC5-1,1.263888,tRNA,https://genome.ucsc.edu/cgi-bin/hgTracks?db=hg38&position=chr1:161612718-161612789
chr6,27235509,27235581,HGNC:34573,TRV-AAC5-1,1.260273,tRNA,https://genome.ucsc.edu/cgi-bin/hgTracks?db=hg38&position=chr6:27235509-27235581
chr3,45688999,45689071,HGNC:34664,TRR-ACG2-3,1.260273,tRNA,https://genome.ucsc.edu/cgi-bin/hgTracks?db=hg38&position=chr3:45688999-45689071
chr17,8187160,8187233,HGNC:34750,TRT-AGT1-2,1.256756,tRNA,https://genome.ucsc.edu/cgi-bin/hgTracks?db=hg38&position=chr17:8187160-8187233
chr6,27230555,27230637,HGNC:34626,TRL-TAA4-1,1.228915,tRNA,https://genome.ucsc.edu/cgi-bin/hgTracks?db=hg38&position=chr6:27230555-27230637
chr5,181206868,181206939,HGNC:34846,tRNA-Ala-TGC-3-1,1.222222,tRNA,https://genome.ucsc.edu/cgi-bin/hgTracks?db=hg38&position=chr5:181206868-181206939
chr10,46597834,46598803,HGNC:56167,SYT15-AS1,1.21134,lncRNA,https://genome.ucsc.edu/cgi-bin/hgTracks?db=hg38&position=chr10:46597834-46598803
chr17,75035113,75035185,HGNC:34939,TRR-TCG3-1,1.205479,tRNA,https://genome.ucsc.edu/cgi-bin/hgTracks?db=hg38&position=chr17:75035113-75035185
chr6,26327589,26327670,HGNC:34950,TRS-AGA2-6,1.195121,tRNA,https://genome.ucsc.edu/cgi-bin/hgTracks?db=hg38&position=chr6:26327589-26327670
chr6,27545689,27545770,HGNC:16292,tRNA-Ser-TGA-2-1,1.195121,tRNA,https://genome.ucsc.edu/cgi-bin/hgTracks?db=hg38&position=chr6:27545689-27545770
chr20,62550452,62551038,HGNC:16159,lnc-SLCO4A1-8,1.192504,lncRNA,https://genome.ucsc.edu/cgi-bin/hgTracks?db=hg38&position=chr20:62550452-62551038
chr6,57822973,57823046,HGNC:34812,tRNA-Ile-AAT-1-1,1.189189,tRNA,https://genome.ucsc.edu/cgi-bin/hgTracks?db=hg38&position=chr6:57822973-57823046
chr6,26311196,26311267,HGNC:34888,tRNA-Gln-TTG-3-1,1.180555,tRNA,https://genome.ucsc.edu/cgi-bin/hgTracks?db=hg38&position=chr6:26311196-26311267
chr6,27791356,27791427,HGNC:34777,TRQ-CTG6-1,1.180555,tRNA,https://genome.ucsc.edu/cgi-bin/hgTracks?db=hg38&position=chr6:27791356-27791427
chr6,28747744,28747816,HGNC:34900,TRK-TTT7-1,1.178082,tRNA,https://genome.ucsc.edu/cgi-bin/hgTracks?db=hg38&position=chr6:28747744-28747816
chr1,222465005,222465077,HGNC:34946,TRT-TGT2-1,1.178082,tRNA,https://genome.ucsc.edu/cgi-bin/hgTracks?db=hg38&position=chr1:222465005-222465077
chr1,143803994,143804066,HGNC:34791,TRV-CAC1-5,1.164383,tRNA,https://genome.ucsc.edu/cgi-bin/hgTracks?db=hg38&position=chr1:143803994-143804066
chr6,26553503,26553574,HGNC:34875,tRNA-Ala-CGC-1-1,1.152777,tRNA,https://genome.ucsc.edu/cgi-bin/hgTracks?db=hg38&position=chr6:26553503-26553574
chr1,153671250,153671321,HGNC:34574,TRX-CAT1-5,1.152777,tRNA,https://genome.ucsc.edu/cgi-bin/hgTracks?db=hg38&position=chr1:153671250-153671321
chr1,121020729,121020801,HGNC:34941,tRNA-Val-CAC-1-3,1.150684,tRNA,https://genome.ucsc.edu/cgi-bin/hgTracks?db=hg38&position=chr1:121020729-121020801
chr19,49037020,49037147,HGNC:34327,SNAR-G1,1.140625,snaR RNA,https://genome.ucsc.edu/cgi-bin/hgTracks?db=hg38&position=chr19:49037020-49037147
chr6,26299677,26299749,HGNC:12345,tRNA-Arg-TCG-4-1,1.136986,tRNA,https://genome.ucsc.edu/cgi-bin/hgTracks?db=hg38&position=chr6:26299677-26299749
chr7,149415138,149415209,HGNC:34566,TRC-GCA11-1,1.125,tRNA,https://genome.ucsc.edu/cgi-bin/hgTracks?db=hg38&position=chr7:149415138-149415209
chr1,161440825,161440896,HGNC:34981,TRD-GTC2-8,1.125,tRNA,https://genome.ucsc.edu/cgi-bin/hgTracks?db=hg38&position=chr1:161440825-161440896
chr14,88979098,88979170,HGNC:34679,TRA-AGC15-1,1.123287,tRNA,https://genome.ucsc.edu/cgi-bin/hgTracks?db=hg38&position=chr14:88979098-88979170
chr6,27297996,27298077,HGNC:34559,tRNA-Ser-GCT-2-1,1.121951,tRNA,https://genome.ucsc.edu/cgi-bin/hgTracks?db=hg38&position=chr6:27297996-27298077
chr6,27505828,27505909,HGNC:16294,tRNA-Ser,1.121951,tRNA,https://genome.ucsc.edu/cgi-bin/hgTracks?db=hg38&position=chr6:27505828-27505909
chr15,67839939,67840045,HGNC:34270,RNU6-9,1.121495,snRNA,https://genome.ucsc.edu/cgi-bin/hgTracks?db=hg38&position=chr15:67839939-67840045
chr17,38869292,38869363,HGNC:34650,TRC-GCA4-1,1.111111,tRNA,https://genome.ucsc.edu/cgi-bin/hgTracks?db=hg38&position=chr17:38869292-38869363
chr5,181187701,181187782,HGNC:34895,TRL-AAG2-4,1.109756,tRNA,https://genome.ucsc.edu/cgi-bin/hgTracks?db=hg38&position=chr5:181187701-181187782
chr1,144567515,144567588,HGNC:12324,TRN-GTT2-4,1.108108,tRNA,https://genome.ucsc.edu/cgi-bin/hgTracks?db=hg38&position=chr1:144567515-144567588
chr6,28673836,28673907,HGNC:34969,TRA-CGC2-1,1.097222,tRNA,https://genome.ucsc.edu/cgi-bin/hgTracks?db=hg38&position=chr6:28673836-28673907
chr15,90954335,90954493,HGNC:54811,RCCD1-AS1,1.056603,lncRNA,https://genome.ucsc.edu/cgi-bin/hgTracks?db=hg38&position=chr15:90954335-90954493
chr16,636736,636806,HGNC:34794,TRG-CCC2-1,1.056338,tRNA,https://genome.ucsc.edu/cgi-bin/hgTracks?db=hg38&position=chr16:636736-636806
chr6,28589379,28589450,HGNC:34700,TRQ-TTG2-1,1.055555,tRNA,https://genome.ucsc.edu/cgi-bin/hgTracks?db=hg38&position=chr6:28589379-28589450
chr6,27650928,27651000,HGNC:33247,tRNA-Val-AAC-3-1,1.054794,tRNA,https://genome.ucsc.edu/cgi-bin/hgTracks?db=hg38&position=chr6:27650928-27651000
chr6,28643445,28643516,HGNC:34676,tRNA-Ala-TGC-2-1,1.041666,tRNA,https://genome.ucsc.edu/cgi-bin/hgTracks?db=hg38&position=chr6:28643445-28643516
chr1,16889677,16889750,HGNC:33197,tRNA-Asn-GTT-4-1,1.04054,tRNA,https://genome.ucsc.edu/cgi-bin/hgTracks?db=hg38&position=chr1:16889677-16889750
chr6,27209849,27209930,HGNC:34600,tRNA-Ser-CGA-2-1,1.036585,tRNA,https://genome.ucsc.edu/cgi-bin/hgTracks?db=hg38&position=chr6:27209849-27209930
chr1,144419267,144419340,HGNC:34890,tRNA-Asn-GTT-3-2,1.027027,tRNA,https://genome.ucsc.edu/cgi-bin/hgTracks?db=hg38&position=chr1:144419267-144419340
chr21,42614853,42616297,HGNC:52459,LINC01671,1.026297,lncRNA,https://genome.ucsc.edu/cgi-bin/hgTracks?db=hg38&position=chr21:42614853-42616297
chr19,50604963,50605085,HGNC:34326,SNAR-F,1.02439,snaR RNA,https://genome.ucsc.edu/cgi-bin/hgTracks?db=hg38&position=chr19:50604963-50605085
chr7,155367809,155367933,HGNC:20484,BLACE,1.024,lncRNA,https://genome.ucsc.edu/cgi-bin/hgTracks?db=hg38&position=chr7:155367809-155367933
chr11,59556429,59556501,HGNC:34801,tRNA-Lys-TTT-5-1,1.013698,tRNA,https://genome.ucsc.edu/cgi-bin/hgTracks?db=hg38&position=chr11:59556429-59556501
chr17,75034431,75034503,HGNC:34744,tRNA-Arg-CCT-2-1,1.013698,tRNA,https://genome.ucsc.edu/cgi-bin/hgTracks?db=hg38&position=chr17:75034431-75034503
chr6,26312596,26312677,HGNC:34999,TRS-AGA2-6,1.012195,tRNA,https://genome.ucsc.edu/cgi-bin/hgTracks?db=hg38&position=chr6:26312596-26312677